FacilityId,FacilityName,FacilityType,LicenseNumber,LicenseStatus,AcceptsCCAP,PhoneNumber,Capacity,FirstName,LastName,Address,City,State,Zip,EffectiveDate,ExpirationDate,AgeRange
10000163,"3 TO 5 PRESCHOOL, INC.",LC,11865,BI,Yes,(907) 747-6898,25 Children,AUXERRE,ADORE,110 COLLEGE DRIVE ROOM 101,SITKA,AK,99835,20230601,20250531,36M - 80 M
10003537,A CHILD'S WORLD,LH,12088,BI,Yes,(907) 337-5920,8 Children,TINA,GEORGE,4244 EAST 8TH AVENUE,ANCHORAGE,AK,99508,20240601,20260531,0Y - 12 Y
10000330,ABC ANGELS,GL,12032,BI,Yes,(907) 335-1960,12 Children,SONIA,ROSE,1511 FATHOM DR.,KENAI,AK,99611,20240301,20260228,0W - 12 Y
10000327,ABC CENTER,LC,11739,BI,Yes,(907) 790-6500,30 Children,KUENI,MAAKE,8511 JENNIFER DRIVE,JUNEAU,AK,99801,20230101,20241231,15M - 5 Y
10016608,ABCDEE'S DAYCARE,LH,12156,BI,Yes,(907) 775-2185,5 Children,VIVIAN,LAMONT,"634 N HOYT ST,APT 4",ANCHORAGE,AK,99508,20240901,20260831,6W - 10 Y
10004578,ADRIANA'S CHILD CARE,LH,12061,BI,Yes,(907) 278-0245,8 Children,ADRIANA,DIAZ CID,1011 MEDFRA ST,ANCHORAGE,AK,99501,20240501,20260430,2M - 12 Y
10000557,AGUILAR DAY CARE,LH,11726,BI,Yes,(907) 486-0492,6 Children,ZOILA,AGUILAR,1614 SELIEF LANE,KODIAK,AK,99615,20230201,20240131,0W - 12 Y
10011236,AK KIDS,LC,12124,BI,Yes,(907) 394-5513,27 Children,ASHLEY,BARRETT,105 N. GILL STREET,KENAI,AK,99611,20240801,20260731,30M - 12 Y
10015771,AK KIDS BILINGUAL DAYCARE,GL,12100,BI,Yes,(907) 888-7573,12 Children,DIANA,MUENTES,2058 BRIDGEWATER DR,FAIRBANKS,AK,99709,20240501,20260430,2M - 12 Y
10011874,AKEELA'S CHILDREN'S PROGRAM GEM STONES,LH,11967,BI,Yes,(907) 569-0097,5 Children,JUDY,TUCKER,"611 W 47TH AVE,APT C3",ANCHORAGE,AK,99503,20231101,20251031,6W - 6 Y
10011873,AKEELA'S CHILDREN'S PROGRAM LITTLE STEPS,LH,11965,BI,Yes,(907) 569-0097,5 Children,JUDY,TUCKER,"611 W 47TH AVE,APT C4",ANCHORAGE,AK,99503,20231101,20251031,6W - 6 Y
10016716,"ALASKA CHILDREN'S ACADEMY II, LLC",LC,12134,BI,Yes,(907) 631-7061,40 Children,ASHLEY,BROWN,4931 E. MAYFLOWER LANE,WASILLA,AK,99654,20240801,20260731,6W - 12 Y
10015158,"ALASKA CHILDREN'S ACADEMY, LLC",GL,11768,BI,Yes,(907) 414-4343,12 Children,APRIL,BROWN,2731 E BEECH WAY,WASILLA,AK,99654,20230301,20250228,6W - 12 Y
10014982,ALASKAN SEEDLINGS CHILD DEVELOPMENT CNTR,LC,11737,BI,Yes,(907) 746-5338,70 Children,JENIFER,STEPHENS,268 E. FIREWEED AVE.,PALMER,AK,99645,20230101,20241231,6W - 12 Y
10017040,ALASKAN SEEDLINGS LEARNING CENTER II,LC,11798,BI,Yes,(907) 631-8715,22 Children,JENIFER,STEPHENS,607 W. DARON DRIVE,PALMER,AK,99645,20230501,20250430,19M - 12 Y
10000209,ALBA O S CHILD CARE,LH,12181,BE,Yes,(907) 486-2255,8 Children,ALBA,OLAZABAL,1018 THORSHEIM ST,KODIAK,AK,99615,20240901,20241231,0M - 12 Y
10015933,ALEXA'S CHILD CARE,LH,12056,BI,Yes,(907) 744-3174,8 Children,LUCY,LIRIANO,"8420 E 3RD AVE,UNIT A",ANCHORAGE,AK,99504,20240501,20260430,0M - 12 Y
10017025,ALMOST HOME CHILDCARE,LH,12192,BE,Yes,(907) 399-8254,8 Children,KELSEY,KITZMILLER,4634 SABRINA RD,HOMER,AK,99603,20240901,20250131,6W - 12 Y
10000361,ALPHABET KIDS,LC,11854,BI,Yes,(907) 220-0633,39 Children,KIMBERLY,STACY,5193 BORCH ST.,KETCHIKAN,AK,99901,20230601,20250531,0W - 12 Y
10017031,ALUTIINGCUT CHILD CARE CENTER,LC,11879,BI,Yes,(907) 206-6464,60 Children,APRIL,MCBRIDE,2932 MILL BAY ROAD,KODIAK,AK,99615,20230701,20250630,2Y - 5 Y
10003648,AMAZING GRACE LUTHERAN PRESCHOOL,LC,11667,BI,No,(907) 522-3252,50 Children,SHARON,WEBSTER,10955 ELMORE RD,ANCHORAGE,AK,99516,20221201,20241130,3Y - 5 Y
10016638,AMBER BILINGUAL CHILD CARE,LH,12120,BI,Yes,(907) 885-7524,8 Children,YVELISSE,CELDA DE ANDUJAR,641 N. KLEVIN ST.,ANCHORAGE,AK,99508,20240701,20260630,0W - 8 Y
10003445,AMPARO DAY CARE,LH,12002,BI,Yes,(907) 261-6248,8 Children,LUZ,SANCHEZ,10329 THUJA CIR,ANCHORAGE,AK,99507,20240101,20251231,0M - 12 Y
10017075,ANCHOR LUTHERAN - ZION,LC,11856,BI,No,(907) 338-3838,20 Children,NANCY,KING,2100 BONIFACE PARKWAY,ANCHORAGE,AK,99504,20230701,20250630,3Y - 5 Y
10003566,ANCHOR LUTHERAN SCHOOL,LC,11840,BI,Yes,(907) 522-3636,155 Children,REBECCA,FINNEY,8100 ARCTIC BLVD,ANCHORAGE,AK,99518,20230601,20250531,3Y - 12 Y
10016480,ANCHORAGE COOPERATIVE PRESCHOOL,LC,12221,BI,Yes,(907) 279-0923,30 Children,JESSICA,MCCARTAN,3031 LATOUCHE ST,ANCHORAGE,AK,99508,20241001,20251130,3Y - 6 Y
10003630,ANCHORAGE GYMNASTICS ASSOCIATION,LC,12116,BI,Yes,(907) 563-3041,106 Children,MARTHA,MARLOW,"525 W POTTER DR,#4",ANCHORAGE,AK,99518,20240701,20260630,3Y - 12 Y
10003639,ANCHORAGE MONTESSORI SCHOOL,LC,11704,BI,Yes,(907) 276-2240,154 Children,LAURA,ROARK,5001 NORTHWOOD DR,ANCHORAGE,AK,99517,20230101,20241231,19M - 12 Y
10016650,ANCHORAGE WALDORF SCHOOL,LC,11924,BI,Yes,(907) 333-9062,70 Children,RENEE,PARKS,3250 BAXTER RD,ANCHORAGE,AK,99504,20230901,20250831,3Y - 12 Y
10007068,ANDREA'S DAY CARE,GL,11742,BI,Yes,(907) 371-0619,12 Children,EVELYN,LIMON,120 INA STREET,FAIRBANKS,AK,99701,20230301,20250228,0M - 12 Y
10008456,ANIMAL CRACKER KIDS,GL,11771,BI,Yes,(907) 388-9869,12 Children,WINTR,GRAHAM,333 BARANOF AVE UNIT A,FAIRBANKS,AK,99701,20230301,20250228,4W - 12 Y
10003526,ANNA LISA DAY CARE,LH,11893,BI,Yes,(907) 332-5410,8 Children,ANNA LISA,BARNUM,8116 E 20TH AVE,ANCHORAGE,AK,99504,20240901,20260831,0M - 12 Y
10016734,ANTHC CHILD DEVELOPMENT CENTER,LC,11909,BI,Yes,(907) 729-4769,100 Children,JESILYN,DAVIS,4115 AMBASSADOR DR,ANCHORAGE,AK,99508,20230801,20250731,6W - 6 Y
10012686,ANTZE PANTZE DAYCARE,LH,11647,BI,Yes,(907) 830-8703,8 Children,TANYAU,JONES-HINTON,601 N PARK ST,ANCHORAGE,AK,99508,20221201,20241130,0M - 12 Y
10015920,ARCTIC EXPLORERS PRESCHOOL,LC,12157,BI,No,(907) 750-4308,28 Children,SUSAN,GRANT,99 ST. NICHOLAS DRIVE,NORTH POLE,AK,99705,20240901,20260831,2Y - 12 Y
10017008,ARELIS CARE,LH,11761,BI,Yes,(907) 720-3182,8 Children,ARELIS,ARIAS,5220 LIONHEART DR,ANCHORAGE,AK,99508,20230401,20250331,0M - 12 Y
10010362,ARRGEL PLAYHOUSE,LH,12025,BI,Yes,(907) 231-6929,8 Children,MAY,DAYRIT,"2104 MCKINLEY AVE,UNIT B",ANCHORAGE,AK,99517,20240401,20260331,1M - 11 Y
10017155,AUKE LAKE PRESCHOOL LLC,LC,12144,BI,Yes,(907) 790-7900,60 Children,EMILY,GILE (BARNETT),11024 AUKE LAKE WAY,JUNEAU,AK,99801,20240901,20260831,6W - 12 Y
10014862,AVG CHILD CARE CENTER,LC,12054,BI,Yes,(907) 225-4462,52 Children,GIRLIE,CRUZ,1922 TONGASS AVE,KETCHIKAN,AK,99901,20240301,20260228,1M - 12 Y
10015813,AVG CHILD CARE EXTENSION,LC,11780,BI,Yes,(907) 821-5131,13 Children,GIRLIE,CRUZ,735 JACKSON ST,KETCHIKAN,AK,99901,20230501,20250430,5Y - 12 Y
10002210,AYSHIA'S FUN HOUSE,LH,11899,BI,Yes,(907) 563-1392,8 Children,SHERMEKA,HINTON,2905 E 20TH AVE,ANCHORAGE,AK,99508,20230801,20250731,0W - 12 Y
10003506,BAYSHORE EARLY LEARNING CENTER,LC,12163,BI,Yes,(907) 522-4906,40 Children,SUSAN,JENSEN (GREEN),3131 AMBER BAY LOOP,ANCHORAGE,AK,99515,20240901,20260831,3Y - 7 Y
10007784,BBNA CHILD CARE CENTER,LC,12015,BI,Yes,(907) 842-4059,55 Children,ANNE,SHADE,"VAL A. LARSON FAMILY RESOURCE CENTER,1500 KANAKNAK ROAD",DILLINGHAM,AK,99576,20240201,20260131,0W - 12 Y
10003742,BEAR VALLEY SCHOOL AGE CHILD CARE,LC,12203,BI,No,(907) 310-4122,90 Children,KAITLYN,CHRISTOPHER,15001 MOUNTAIN AIR DR,ANCHORAGE,AK,99516,20241101,20261031,4Y - 12 Y
10017088,BENTEH EARLY LEARNING ACADEMY,LC,12155,BI,Yes,(907) 671-6861,60 Children,HEATHER,BAILEY,4401 W. PALMER WASILLA HIGHWAY,WASILLA,AK,99654,20240701,20260630,6W - 6 Y
10000381,BERSABE DAYCARE,GL,12005,BI,Yes,(907) 942-3799,12 Children,MARIA,MEJIA DE MONGE,410 WILLOW STREET,KODIAK,AK,99615,20240101,20251231,0W - 12 Y
10000456,BETTY ELIASON CHILD CARE CENTER,LC,11976,BI,Yes,(907) 747-5892,99 Children,ERIKA,APATHY,607 LINCOLN STREET,SITKA,AK,99835,20231201,20251130,6W - 12 Y
10003713,BGC CHILD DEVELOPMENT CENTER-TURNAGAIN,LC,12067,BI,Yes,(907) 249-5400,50 Children,SYDNEY,SINGER,3500 W NORTHERN LIGHTS,ANCHORAGE,AK,99517,20240501,20260430,5Y - 12 Y
10003608,BGC CHILD DEVELOPMENT CENTER-WOODLAND PA,LC,12220,BI,Yes,(907) 312-9776,142 Children,KAYLA,PETERSON,2300 W 36TH AVE,ANCHORAGE,AK,99517,20241101,20261031,6W - 12 Y
10003645,BIGGS DAYCARE,LH,11793,BI,Yes,(907) 242-0607,8 Children,LOURDES,BIGGS,8740 BELL PL,ANCHORAGE,AK,99507,20230401,20250331,3M - 5 Y
10010423,BLESSED STAR CHILD CARE,LH,11928,BI,Yes,(907) 538-5554,8 Children,ESTRELLA,BROCALES,4402 E 5TH AVE,ANCHORAGE,AK,99508,20230901,20250831,6W - 12 Y
10017229,BOYS & GIRLS CLUB OF THE KENAI PENINSULA,LC,12196,PR,Yes,(907) 283-2682,42 Children,EMILY,JOHNSON,320 S SPRUCE STREET,KENAI,AK,99611,20240901,20250831,8W - 5 Y
10003757,BRIGHT BEGINNINGS ELC - ABBOTT,LC,11942,BI,Yes,(907) 341-1201,150 Children,JENNIFER,SCHOAF,2500 ABBOTT ROAD,ANCHORAGE,AK,99507,20231001,20250930,6W - 11 Y
10013138,BRIGHT BEGINNINGS ELC - OLD SEWARD,LC,11819,BI,Yes,(907) 341-1200,125 Children,JOHN,DELOACH,1000 SUNDOWN CT,ANCHORAGE,AK,99515,20230501,20250430,6W - 11 Y
10000683,BRIGHT BEGINNINGS LEARNING CENTER,LC,11767,BI,Yes,(907) 456-2263,45 Children,JOSLYN,SEEKINS,3411 LATHROP STREET SUITE A,FAIRBANKS,AK,99701,20230301,20250228,3Y - 12 Y
10014574,BRIGHT MINDS LEARNING CENTER LLC,LC,12029,BI,Yes,(907) 357-2600,126 Children,KERRIE,SPAIN,172 S. LAMONT CIR,WASILLA,AK,99623,20240601,20260531,0W - 12 Y
10017160,BUG'Z PLAYHOUSE,LH,12055,PR,No,(907) 422-7199,8 Children,HELEN,STEWART,13375 CHERRY WOOD LANE,SEWARD,AK,99664,20240301,20250228,6W - 10 Y
10000242,BUNNELL HOUSE EARLY CHILDHOOD LAB SCHOOL,LC,11696,BI,Yes,(907) 474-6393,31 Children,JENNIFER,TAYLOR,1793 CHATANIKA DR,FAIRBANKS,AK,99775,20221201,20241130,3Y - 6 Y
10003419,CAMP FIRE ALASKA - ALPENGLOW SAP,LC,11963,BI,Yes,(907) 891-2741,80 Children,THERESA,RINEHART,19201 DRIFTWOOD BAY,EAGLE RIVER,AK,99577,20231101,20251031,5Y - 12 Y
10017146,CAMP FIRE ALASKA - AQUARIAN SAP,LC,12213,BI,Yes,(907) 727-9400,80 Children,THERESA,RINEHART,1705 W. 32ND AVENUE,ANCHORAGE,AK,99517,20241101,20261031,5Y - 12 Y
10016963,CAMP FIRE ALASKA - CHESTER VALLEY SAP,LC,12152,BI,Yes,(907) 891-3347,80 Children,THERESA,RINEHART,1751 PATTERSON ST,ANCHORAGE,AK,99504,20240901,20260831,5Y - 12 Y
10003424,CAMP FIRE ALASKA - CHUGIAK SAP,LC,12021,BI,Yes,(907) 891-2642,80 Children,THERESA,RINEHART,19932 OLD GLENN HIGHWAY,CHUGIAK,AK,99567,20240201,20260131,5Y - 12 Y
10003425,CAMP FIRE ALASKA - DENALI SAP,LC,11770,BI,Yes,(907) 717-4341,63 Children,MELANIE,HOOPER,952 CORDOVA STREET,ANCHORAGE,AK,99501,20230401,20250331,5Y - 12 Y
10003427,CAMP FIRE ALASKA - GOVERNMENT HILL SAP,LC,11992,BI,Yes,(907) 891-3191,80 Children,THERESA,RINEHART,525 E BLUFF DR,ANCHORAGE,AK,99501,20231201,20251130,5Y - 12 Y
10003428,CAMP FIRE ALASKA - HOMESTEAD SAP,LC,12039,BI,Yes,(907) 744-7164,80 Children,THERESA,RINEHART,18001 BARONOFF ST,EAGLE RIVER,AK,99577,20240301,20260228,5Y - 12 Y
10003429,CAMP FIRE ALASKA - HUFFMAN SAP,LC,11808,BI,Yes,(907) 891-1628,80 Children,NICHOLE,BOYDEN,12000 LORRAINE ST,ANCHORAGE,AK,99516,20230501,20250430,5Y - 12 Y
10003430,CAMP FIRE ALASKA - INLET VIEW SAP,LC,12009,BI,Yes,(907) 717-4535,70 Children,THERESA,RINEHART,1219 N STREET,ANCHORAGE,AK,99501,20240201,20260131,5Y - 12 Y
10016973,CAMP FIRE ALASKA - MULDOON SAP,LC,11964,BI,No,(907) 312-9948,80 Children,THERESA,RINEHART,525 CHERRY ST,ANCHORAGE,AK,99504,20231101,20251031,5Y - 12 Y
10016972,CAMP FIRE ALASKA - NORTH STAR SAP,LC,11957,BI,Yes,(907) 312-9963,80 Children,THERESA,RINEHART,605 W. FIREWEED LANE,ANCHORAGE,AK,99503,20231101,20251031,5Y - 12 Y
10003436,CAMP FIRE ALASKA - O'MALLEY SAP,LC,12073,BI,Yes,(907) 742-5800,50 Children,THERESA,RINEHART,11100 ROCKRIDGE DRIVE,ANCHORAGE,AK,99516,20240501,20260430,5Y - 12 Y
10003434,CAMP FIRE ALASKA - OCEAN VIEW SAP,LC,11953,BI,Yes,(907) 891-3207,80 Children,NICHOLE,BOYDEN,11911 JOHNS ROAD,ANCHORAGE,AK,99515,20231101,20250430,5Y - 12 Y
10003656,CAMP FIRE ALASKA - RAVENWOOD SAP,LC,12083,BI,Yes,(907) 891-0674,80 Children,THERESA,RINEHART,9500 WREN LANE,EAGLE RIVER,AK,99577,20240601,20260531,5Y - 12 Y
10003440,CAMP FIRE ALASKA - ROGERS PARK SAP,LC,12037,BI,Yes,(907) 891-1643,70 Children,THOMAS,MARTIN,1400 E NORTHERN LIGHTS BLVD,ANCHORAGE,AK,99508,20240301,20260228,5Y - 12 Y
10017221,CAMP FIRE ALASKA - SAND LAKE SCHOOL AGE,LC,12171,PR,Yes,(907) 312-9948,64 Children,MELANIE,HOOPER,7500 JEWEL LAKE ROAD,ANCHORAGE,AK,99502,20240801,20250731,5Y - 12 Y
10003446,CAMP FIRE ALASKA - SCENIC PARK SAP,LC,12060,BI,Yes,(907) 891-3281,45 Children,THERESA,RINEHART,3933 PATTERSON STREET,ANCHORAGE,AK,99504,20240501,20260430,5Y - 12 Y
10003662,CAMP FIRE ALASKA - TRAILSIDE SAP,LC,12211,BI,Yes,(907) 891-3290,80 Children,THERESA,RINEHART,5151 ABBOTT ROAD,ANCHORAGE,AK,99507,20241101,20261031,5Y - 12 Y
10017044,CAMP FIRE ALASKA - TYSON SAP,LC,12201,BI,No,(907) 632-0427,80 Children,THERESA,RINEHART,2801 RICHMOND CIRCLE,ANCHORAGE,AK,99508,20241101,20260930,5Y - 12 Y
10003767,CARMEN'S CHILDCARE,LH,11973,BI,Yes,(907) 947-2703,8 Children,CARMEN,PERALTA,3712 E 18TH AVE,ANCHORAGE,AK,99508,20231201,20251130,0Y - 12 Y
10003451,CAROUSEL CHILD CARE CENTER,LC,11944,BI,Yes,(907) 333-1231,115 Children,THERESA,ROBERTSON,6370 DEBARR RD,ANCHORAGE,AK,99504,20231101,20251031,12M - 12 Y
10003697,CASA CUNA DAY CARE,LH,11820,BI,Yes,(907) 277-3010,8 Children,MARIBEL,HERNANDEZ,823 LANE ST,ANCHORAGE,AK,99508,20230601,20250531,0M - 12 Y
10001101,CATHOLIC SCHOOLS OF FAIRBANKS CHILD CARE,LC,11824,BI,Yes,(907) 456-4574,110 Children,BRITTANY,MILTON,615 MONROE ST,FAIRBANKS,AK,99701,20230501,20250430,3Y - 12 Y
10017082,CCS EARLY LEARNING - FAIRVIEW CENTER,LC,11932,BI,Yes,(907) 373-7000,140 Children,MARK,LACKEY,3892 W BIRCH LEAF WAY,WASILLA,AK,99654,20231001,20250930,0W - 5 Y
10016867,CCS EARLY LEARNING - PALMER CENTER,LC,11765,BI,Yes,(907) 746-4483,92 Children,MARK,LACKEY,905 WEST AUKLET AVE,PALMER,AK,99645,20230301,20250228,0W - 5 Y
10000437,CCS EARLY LEARNING - WASILLA CENTER,LC,11785,BI,Yes,(907) 373-7795,130 Children,MARK,LACKEY,2100 E. FOUNDRY WAY,WASILLA,AK,99654,20230401,20250331,0Y - 5 Y
10016711,CCS EARLY LEARNING- EARLY HEAD START CEN,LC,11766,BI,Yes,(907) 373-7736,48 Children,MARK,LACKEY,2060 E. FOUNDRY WAY,WASILLA,AK,99654,20230301,20250228,0W - 3 Y
10004754,CHARLIE'S LIL' ANGELS,LH,12044,BI,Yes,(907) 398-4170,8 Children,CHARLOTTE,YAMADA,1806 4TH AVE,KENAI,AK,99611,20240201,20260131,0W - 12 Y
10010447,CHENEY LAKE FAMILY CHILD CARE,LH,11985,BI,Yes,(907) 830-8830,8 Children,NICKELLE,PANTOJA,6631 FOOTHILL DR,ANCHORAGE,AK,99504,20231201,20251130,6W - 12 Y
10016224,CHICKADEE HOUSE MONTESSORI SCHOOL,LH,12014,BI,No,(907) 346-0888,8 Children,NAOMI,OZURU,8901 WINCHESTER ST,ANCHORAGE,AK,99507,20240201,20260131,3Y - 6 Y
10003709,CHILD'S EARLY LEARNING CENTER,LC,11668,BI,No,(907) 336-3770,88 Children,APRIL,YOUNG,7231 MEADOW ST,ANCHORAGE,AK,99507,20221201,20241130,6W - 6 Y
10003482,CHILDCARE DE ANGELES,LH,11908,BI,Yes,(907) 615-7910,8 Children,MARITZA,PRICE,1711 FLATWATER CIR,ANCHORAGE,AK,99507,20230801,20250731,0M - 12 Y
10017213,"CHILDREN'S EARLY LEARNING CENTER, LLC",LC,12139,PR,Yes,(907) 336-3770,88 Children,TEAGAN,STRYNCHUK,7231 MEADOW STREET,ANCHORAGE,AK,99507,20240701,20250630,6W - 6 Y
10000207,CHILDREN'S PALLAS,LC,12080,BI,Yes,(907) 424-4323,37 Children,LOREEN,PALLAS,526 FIRST STREET,CORDOVA,AK,99574,20240501,20260430,6W - 12 Y
10017111,CHILDREN'S PARK DAYCARE,LH,12115,NC,Yes,(907) 753-6422,6 Children,ALLIZON (SAS,URRUTIA (RAMOS),6601 DONNA DRIVE #1,ANCHORAGE,AK,99504,20240701,20241231,12W - 12 Y
10013504,CHILDREN'S WORLD BIL MONT INFANT -,LC,11895,BI,Yes,(907) 349-4182,20 Children,MONICA,LIDREN,3800 W 80TH AVE,ANCHORAGE,AK,99502,20230901,20250831,6W - 18 M
10003769,CHILDREN'S WORLD BILIN.MONT.TODDLER PRO.,LC,12167,BI,Yes,(907) 349-4182,16 Children,MONICA,LIDREN,3833 STRAWBERRY RD,ANCHORAGE,AK,99502,20240901,20260831,12M - 3 Y
10003560,CHILDREN'S WORLD BILINGUAL MONTESSORI,LC,12184,BI,Yes,(907) 349-4182,143 Children,MONICA,LIDREN,7423 JEWEL LAKE ROAD,ANCHORAGE,AK,99502,20241001,20260930,19M - 12 Y
10000789,CHILKAT VALLEY PRESCHOOL,LC,12001,BI,Yes,(907) 766-3213,24 Children,JESSIE,ADAMS-WEINERT,33 MISSION STREET,HAINES,AK,99827,20231201,20241130,19M - 7 Y
10004623,CHIQUILLADAS CHILD CARE,GL,12040,BI,Yes,(907) 723-3088,12 Children,ANA,RODRIGUEZ,10200 HERON WAY,JUNEAU,AK,99801,20240201,20260131,0Y - 12 Y
10016724,CLARE SWAN EARLY LEARNING CENTER,LC,11788,BI,No,(907) 793-3626,72 Children,CAROLYN,HACKETT,800 NORTHWAY DR,ANCHORAGE,AK,99508,20230301,20250228,6W - 6 Y
10014388,COAST TO COAST KID CARE,GL,12099,BI,Yes,(207) 812-0239,12 Children,MELISSA,LAROW,33896 TIEHACKER ROAD,SEWARD,AK,99664,20240601,20260531,6W - 12 Y
10012723,COOK INLET NATIVE HEAD START,LC,11715,BI,No,(907) 433-1600,16 Children,ETHAN,PETTICREW,6901 E TUDOR RD STE 7,ANCHORAGE,AK,99507,20230101,20241231,6W - 3 Y
10017026,COOK INLET NATIVE HEAD START - 16,LC,12087,BI,No,(907) 433-1601,24 Children,ETHAN,PETTICREW,370 W 16TH AVE,ANCHORAGE,AK,99501,20240601,20260531,6W - 3 Y
10016893,CREATIVE CARE,GL,11960,BI,Yes,(907) 513-9354,12 Children,KELLY,JAGD,49780 KOTSINA ST,NIKISKI,AK,99635,20231001,20250930,0W - 12 Y
10016400,CREATIVE MINDS PRESCHOOL,LC,9866,,No,(907) 441-0875,13 Children,MELANIE,LINN,10901 MAUSEL STREET STE 105,EAGLE RIVER,AK,99577,20171201,20191130,3Y - 6 Y
10000131,"CREATIVE PLAY & PRESCHOOLS, LTD - KENAI",LC,11698,BI,Yes,(907) 283-7529,49 Children,SAMUEL,GENSEL,135 BIDARKA STREET,KENAI,AK,99611,20221201,20241130,0W - 12 Y
10000132,"CREATIVE PLAY & PRESCHOOLS, LTD-SOLDOTNA",LC,12069,BI,Yes,(907) 262-7529,75 Children,AMY,LARSON,125 E REDOUBT AVE,SOLDOTNA,AK,99669,20240401,20260331,0W - 12 Y
10005573,CREDIT UNION 1 LEARNING CENTER,LC,12058,BI,Yes,(907) 339-8373,33 Children,KAYLA,HAYES (NILLES),1941 ABBOTT RD,ANCHORAGE,AK,99507,20240501,20260430,12M - 12 Y
10011101,CRISTO VIENE,LH,11901,BI,Yes,(907) 715-3484,8 Children,MARTHA,REYES,5000 CHENA AVE,ANCHORAGE,AK,99508,20230801,20250731,0M - 12 Y
10015725,CRYSTAL CDC- LAKE OTIS,LC,11999,BI,Yes,(907) 770-2643,132 Children,SUYEON (LEE),YI,8620 LAKE OTIS PKWY,ANCHORAGE,AK,99507,20240101,20251231,8W - 6 Y
10007303,CRYSTAL CHILD DEVELOPMENT CENTER,LC,11752,BI,Yes,(907) 277-2644,148 Children,SUYEON (LEE),YI,1515 W 33RD AVE,ANCHORAGE,AK,99503,20230301,20250228,8W - 6 Y
10016989,D AND G'S PLAYHOUSE,LH,11753,BI,Yes,(907) 744-1957,8 Children,REEXELL,FERNANDEZ SERGIO,6520 MEADOW STREET,ANCHORAGE,AK,99507,20230301,20250228,6M - 10 Y
10013123,DANIELLE'S DAYCARE,LH,12062,BI,Yes,(907) 398-3147,8 Children,DANIELLE,EDWARDS-DEAN,619 CEDAR DR.,KENAI,AK,99611,20240401,20260331,6W - 12 Y
10000134,DEE'S LITTLE ANGELS,GL,11877,BI,Yes,(907) 357-6300,12 Children,DEANNA,SCOTT,3401 #A EAST COTTLE LOOP,WASILLA,AK,99654,20230701,20250630,6W - 12 Y
10016904,DEE'S LITTLE ANGELS CHILDCARE CENTER,LC,11850,BI,Yes,(907) 521-3811,42 Children,DEANNA,SCOTT,4280 S. KNIK GOOSEBAY RD,WASILLA,AK,99623,20230601,20250531,6W - 12 Y
10017036,DEE'S LITTLE ANGELS CHILDCARE II,LC,11746,BI,Yes,(907) 357-6300,65 Children,DEANNA,SCOTT,3060 NORTH LAZY EIGHT COURT #7,WASILLA,AK,99654,20230201,20250131,6W - 12 Y
10017154,DEE'S LITTLE ANGELS SCHOOL AGE CENTER,LC,12038,PR,Yes,(907) 357-6303,28 Children,ELBERT,SCOTT,3341 E. PALMDALE DR.,WASILLA,AK,99654,20240201,20250131,7Y - 12 Y
10004667,DENALI CHILD DEVELOPMENT CENTER,MC,0,,Yes,(907) 552-8304,,STEPHANIE,MONTOYA,7377 15TH ST,ELMENDORF AFB,AK,99506,,,
10016865,DENALI GYMNASTICS & FITNESS INC. ROOM 8,LC,11880,BI,No,(907) 373-3547,22 Children,ADAM,BARRETT,222 E. KALLI CIRCLE,WASILLA,AK,99654,20230701,20250630,0W - 12 Y
10000461,"DENALI GYMNASTICS & FITNESS, INC.",LC,11881,BI,Yes,(907) 373-3547,150 Children,ADAM,BARRETT,300 E KALLI CIR,WASILLA,AK,99654,20230701,20250630,0W - 12 Y
10009077,DENALI PRE-SCHOOL AND LEARNING CENTER,LC,11828,BI,Yes,(907) 683-7789,32 Children,BETTY,GREEN,#3 SULFIDE WAY,HEALY,AK,99743,20230501,20250430,1M - 12 Y
10013234,DEYA'S DAY CARE,LH,11794,BI,Yes,(907) 332-1102,8 Children,DEYANIRA,ROJAS,814  KLEVIN STREET,ANCHORAGE,AK,99508,20230501,20250430,0M - 12 Y
10003460,DIANA'S,LH,11805,BI,Yes,(907) 561-5930,7 Children,ELIA,CEDENO,6751 PEBBLEBROOK CIR,ANCHORAGE,AK,99507,20230501,20250430,0Y - 12 Y
10017144,DISCOVERY PRESCHOOL,LC,12141,BI,Yes,(907) 463-3030,41 Children,NICOLE,BOWERS,206 4TH STREET,JUNEAU,AK,99801,20240901,20260831,4W - 8 Y
10000324,DOLORES' DAY CARE,LH,12142,BI,Yes,(907) 209-0200,8 Children,DOLORES,HEALEY,8662 DUDLEY ST,JUNEAU,AK,99801,20240901,20260831,1M - 10 Y
10015392,DOUGLAS CHILDCARE,LH,11910,BI,No,(907) 465-7093,8 Children,SIMA,SHOJA,628 B ST. ANN'S AVENUE,DOUGLAS,AK,99824,20230801,20250731,12M - 5 Y
10003461,DREAMMAKERS DAYCARE,LH,11907,BI,Yes,(907) 349-5201,5 Children,JUITA,JOHNSON,"639 E 76TH AVE,UNIT 1",ANCHORAGE,AK,99518,20230901,20250831,0M - 12 Y
10016328,EARLY LEARNING FOR EVERYONE,LC,11839,BI,Yes,(907) 561-2836,40 Children,KATELYN,BALOGH,2836 KIMBERLIE CT,ANCHORAGE,AK,99508,20230601,20250531,12M - 6 Y
10017024,EARLY LEARNING FOR EVERYONE MIDTOWN,LC,12094,BI,Yes,(907) 349-4222,81 Children,BRANWEN,COLLIER,1004 E ENERGY CT,ANCHORAGE,AK,99508,20240601,20260531,6W - 6 Y
10016880,EARLY LEARNING FOR EVERYONE SOUTH,LC,12162,BI,Yes,(907) 349-4222,95 Children,BRANWEN,COLLIER,13030 BRANDON ST,ANCHORAGE,AK,99515,20240901,20260831,6W - 12 Y
10012294,EAST SIDE MONTESSORI PRESCHOOL,LH,11929,BI,Yes,(907) 333-2487,7 Children,CYNTHIA,SPRINKLE,7051 BAXTER TERRACE CIR,ANCHORAGE,AK,99504,20230901,20250831,0M - 12 Y
10016890,ENCHANTED KIDS 2 L.L.C,GL,11810,BI,Yes,(907) 457-4510,12 Children,BRITTANY,FORD,858 MUNNA COURT,FAIRBANKS,AK,99701,20230401,20250331,0W - 12 Y
10016898,"ENCHANTED KIDS, L.L.C.",GL,12082,BI,Yes,(907) 457-4510,12 Children,BRITTANY,FORD,856 MUNNA COURT,FAIRBANKS,AK,99701,20240501,20260430,0W - 12 Y
10000241,ENEPUT CHILDREN'S CENTER,LC,11313,BI,Yes,(907) 479-6844,45 Children,DEYONE,SHULTS,1112 HESS AVENUE,FAIRBANKS,AK,99709,20230201,20250131,8W - 12 Y
10003694,ESTRELLAS MAGICAS,LH,11898,BI,Yes,(907) 245-7215,8 Children,ANNA,OSEGUERA,837 EAST 12TH AVE.,ANCHORAGE,AK,99501,20230901,20250831,0M - 11 Y
10015308,EXPLORER PROGRAM,LC,12011,BI,Yes,(907) 269-3820,90 Children,STEPHENIE,WELLS,6575 E NORTHERN LIGHTS BLVD,ANCHORAGE,AK,99504,20240201,20260131,5Y - 12 Y
10014993,FACILITY 24 HOURS CHILDREN DAY CARE,LH,12024,BI,Yes,(907) 602-1128,8 Children,BELKIS,RODRIGUEZ,"4120 THOMPSON AVE,APT 3",ANCHORAGE,AK,99508,20240201,20260131,0M - 6 Y
10008339,FAIRBANKS MONTESSORI SCHOOL,LC,12165,BI,Yes,(907) 451-8485,92 Children,HEATHER,CALLAHAN,2014 30TH AVE,FAIRBANKS,AK,99701,20240801,20250731,0W - 6 Y
10016746,FAIRBANKS NATIVE ASSOC HEAD START 0-5,LC,11827,BI,Yes,(907) 452-1648,120 Children,ALIYA,MAIDEN,3830 SOUTH CUSHMAN STREET,FAIRBANKS,AK,99701,20230501,20250430,0W - 5 Y
10003633,FAITH DAYCARE AND LEARNING CENTER,LC,11935,BI,Yes,(907) 248-6355,120 Children,JORDAN,HICKEL,4240 WISCONSIN STREET,ANCHORAGE,AK,99517,20230815,20250630,6W - 12 Y
10014807,FAITH LUTHERAN PRESCHOOL,LC,12215,BI,No,(907) 538-3900,20 Children,SARAH,PROEBER,5200 LAKE OTIS PKWY,ANCHORAGE,AK,99507,20241101,20261031,3Y - 6 Y
10015062,FIDDLEHEADS PRESCHOOL,LH,11701,BI,Yes,(907) 957-4707,8 Children,MARCIE,JIMENEZ,137 BEHRENDS AVENUE,JUNEAU,AK,99801,20221201,20241130,2Y - 5 Y
10016482,"FIRE LAKE PRESCHOOL, INC.",LC,11951,BI,No,(907) 694-8911,25 Children,CORINA,JOHNSTON,10301 E. EAGLE RIVER LOOP RD,EAGLE RIVER,AK,99577,20231101,20251031,3Y - 5 Y
10017107,"FIREWEED MONTESSORI, LLC",LC,12018,BI,Yes,(907) 631-7063,37 Children,MICHELLE,KRUEGER,5431 E MAYFLOWER LN,WASILLA,AK,99654,20240201,20260131,3W - 12 Y
10017164,FIRST FRUITS CREATIVE JOURNEY,LC,12078,PR,Yes,(907) 357-2237,52 Children,BILLIE,MCCANN,"260 E NELSON AVE,UNIT 4",WASILLA,AK,99654,20240401,20250331,0W - 12 Y
10000266,FNA-THE CHILDREN'S CENTER,LC,11787,BI,Yes,(907) 451-8164,20 Children,MARCELA,DEL SOLAR,1027 EVERGREEN ST.,FAIRBANKS,AK,99709,20230401,20250331,6W - 8 Y
10006777,FORTALIZA'S DAYCARE,LH,12190,BE,Yes,(907) 486-3674,8 Children,JULIET,FORTALIZA,1617 SIMEONOFF ST,KODIAK,AK,99615,20241001,20241231,2W - 12 Y
10003390,GAN YELADIM EARLY LEARNING CENTER,LC,12159,BI,Yes,(907) 279-1200,32 Children,ESTHER,GREENBERG,1117 E 35TH AVE,ANCHORAGE,AK,99508,20240901,20260831,15M - 6 Y
10004371,GENIA'S DAY CARE PRESCHOOL,LH,11669,BI,Yes,(907) 440-9977,8 Children,MARIA,ROJAS AYALA,5307 NORTH STAR ST,ANCHORAGE,AK,99518,20221201,20241130,2Y - 12 Y
10016637,GIA'S CHILD CARE,LH,11792,BI,Yes,(907) 317-9518,7 Children,GLEINNYS,ALMONTE DE JESUS,"8420 E 3RD AVE,UNIT B",ANCHORAGE,AK,99504,20230401,20250331,0M - 12 Y
10014721,GIRASSOL LEARNING CENTER & ART STUDIO,LC,11867,BI,Yes,(907) 299-4733,56 Children,ROSANA,MOYER,3838 BARTLETT ST,HOMER,AK,99603,20230701,20250630,18M - 7 Y
10011837,GLACIER VALLEY KIDS,GL,12185,BI,Yes,(907) 419-8713,12 Children,CAROLINA,SEKONA,"3800 MENDENHALL LOOP ROAD,ROOMS 98 & 99 & GIRLS RESTROOM ADJACENT",JUNEAU,AK,99801,20240813,20241231,6M - 6 Y
10005946,GLADYS DAYCARE,LH,11855,BI,Yes,(907) 201-1585,8 Children,GLADYS,ROARK (ESPINOSA),7729 E 4TH AVE,ANCHORAGE,AK,99504,20230701,20250630,0M - 12 Y
10000332,GOLD CREEK CHILD DEVELOPMENT CENTER,LC,12143,BI,Yes,(907) 586-6085,62 Children,NICOLE,JAVIER,709 WEST 9TH STREET,JUNEAU,AK,99801,20240901,20260831,6W - 71 M
10002772,GOOD BEGINNINGS PRESCHOOL,LC,11862,BI,Yes,(907) 772-3044,26 Children,HAYLEY,SHORT,405 EXCEL STREET,PETERSBURG,AK,99833,20230601,20250531,3Y - 5 Y
10017181,GRAMMY PAMMY'S ADVENTURE CHILDCARE,LH,12176,PR,No,(661) 809-8923,8 Children,PAMELA,BROWN,621 FIR DRIVE,KENAI,AK,99611,20240801,20250731,6W - 8 Y
10016441,GRANDMA'S LITTLE ANGELS DAY CARE,LH,11936,BI,Yes,(907) 310-2242,8 Children,ANA,JIMENEZ BAEZ,"1545 HOYT ST,SPC 100",ANCHORAGE,AK,99508,20231001,20250930,0W - 12 Y
10015680,GRANDMA'S LITTLE ANGELS DAY CARE II,LH,11892,BI,Yes,(907) 310-2242,8 Children,KEDIA,TAVERAS,1141 BENTREE CIR,ANCHORAGE,AK,99504,20230801,20250731,1M - 12 Y
10016414,GRANDMA'S LITTLE ANGELS DAY CARE LLL,LH,12128,PR,Yes,(907) 671-1333,8 Children,YUMILKA,TAVERAS,2022 S PADDOCK DR,WASILLA,AK,99654,20240601,20250531,0W - 12 Y
10016576,GROWING TOGETHER BILINGUAL CHILD CARE,LH,12086,BI,Yes,(907) 302-9270,8 Children,MERCEDES,CASTRO,3130 ROSALIND LOOP,ANCHORAGE,AK,99507,20240601,20260531,0M - 6 Y
10016808,HAA YOO X'AT?NGI K?DI,LC,12113,BI,No,(907) 463-7303,13 Children,MARY,FOLLETTI,"3239 HOSPITAL DR,ROOM HAA YATX'I",JUNEAU,AK,99801,20240701,20260331,3Y - 10 Y
10004284,HAGUIT'S DAY CARE,LH,12179,BE,Yes,(907) 486-5694,7 Children,MARIA,PINEDA,1012 HEMLOCK STREET,KODIAK,AK,99615,20240901,20241231,0M - 12 Y
10007511,HAPPY FACE DAY CARE,LH,11860,BI,Yes,(907) 500-2938,8 Children,GABRIELA,SANTANA,7519 VISTA DEL SOL DR,JUNEAU,AK,99801,20230601,20250531,0M - 8 Y
10014834,HAPPY FACES HOME DAY CARE,GL,12008,BI,Yes,(907) 888-6835,12 Children,CLAUDIA,PALACIO,210 HAINES AVE,FAIRBANKS,AK,99701,20240101,20251231,3W - 12 Y
10017192,HAPPY HOME CHRISTIAN CHILDCARE LLC,LH,12126,PR,Yes,(907) 957-0891,8 Children,CHERYLE,CARY,8535 STEEP PL,JUNEAU,AK,99801,20240601,20250531,18M - 12 Y
10016217,HAPPY ROOTS DAYCARE,LH,11778,BI,Yes,(907) 209-8489,8 Children,JESSICA,LISKA,8138 SNIPE COURT,JUNEAU,AK,99801,20230401,20250331,0M - 12 Y
10003625,HILLCREST CHILDREN 'S CENTER,LC,12052,BI,Yes,(907) 272-9924,80 Children,CHRISTINA,EUBANKS,900 HOLLYWOOD DR,ANCHORAGE,AK,99501,20240301,20251130,6W - 12 Y
10017214,HILLCREST YOUTH CENTER,LC,12228,PR,No,(907) 717-1060,40 Children,JESSICA,SIMONSEN,1510 ALDER DR,ANCHORAGE,AK,99508,20241001,20250930,5Y - 12 Y
10017093,HMOOB CULTURAL CENTER OF ALASKA,LC,12229,BI,Yes,(907) 375-1914,60 Children,SUZY,YANG,3327 FAIRBANKS STREET,ANCHORAGE,AK,99503,20241101,20241231,12M - 12 Y
10003540,HOME SWEET HOME,LH,11884,BI,Yes,(907) 602-0597,8 Children,MONICA,GEORGE,4035 E 4TH AVE,ANCHORAGE,AK,99508,20230801,20250731,0M - 12 Y
10016591,ICARE FOR KIDS,LH,12091,BI,Yes,(907) 332-0626,8 Children,YELENA,GARCIA,534 FLOWER ST,ANCHORAGE,AK,99508,20240601,20260531,4W - 12 Y
10003726,IMAGINATION STATION,LC,12095,BI,Yes,(907) 563-8290,92 Children,DARLENE,CYRIL,300 E 56TH AVE,ANCHORAGE,AK,99518,20240601,20260331,6W - 12 Y
10009215,IMAGINATION STATION EXPRESS,LC,11872,BI,Yes,(907) 563-8290,100 Children,DARLENE,CYRIL,5651 DENALI ST,ANCHORAGE,AK,99518,20230701,20250630,3Y - 12 Y
10013591,IMAGINE THAT CHILDCARE,LC,12208,BI,Yes,(907) 456-5478,70 Children,JULIE,JACKSON,1007 EVERGREEN STREET,FAIRBANKS,AK,99709,20241001,20260930,6W - 12 Y
10016894,INCREDIBLE KIDS,GL,12027,BI,Yes,(907) 251-0621,12 Children,ALFREDA,SNOWDEN,612 WAINWRIGHT RD,FAIRBANKS,AK,99701,20240201,20260131,0W - 12 Y
10017109,INQUISITIVE FRY LLC,LH,12096,BI,Yes,(907) 204-8083,8 Children,LEEANNA,COMBRINK,15 WOOD ROAD,KETCHIKAN,AK,99901,20240501,20260430,0W - 12 Y
10003681,IRMA'S CHILD CARE,LH,11896,BI,Yes,(907) 272-1760,8 Children,IRMA,CORONADO,3446 E 67TH AVE,ANCHORAGE,AK,99507,20230801,20250731,0M - 12 Y
10017057,IT TAKES A VILLAGE,LC,11889,BI,Yes,(907) 206-2740,24 Children,CHRISTINA,PINNOW,"15780 STERLING HWY, B",NINILCHIK,AK,99639,20230801,20250731,0W - 12 Y
10009852,IVELISSE CHILDCARE,LH,11852,BI,Yes,(907) 223-9902,8 Children,IVELISSE,RAMOS CRUZ,"7505 BOUNDARY AVE.,SPC 50",ANCHORAGE,AK,99504,20230701,20250630,0W - 12 Y
10016980,JACK FROST SCHOOL AGE CHILD CARE PROGRAM,LC,11989,BI,Yes,(907) 488-8339,28 Children,MARY JANE,MACKENZIE,970 LAKLOEY DR,NORTH POLE,AK,99705,20231101,20251031,4Y - 12 Y
10003743,JACQUELINE'S DAY CARE HOME,LH,12204,BI,Yes,(907) 333-6765,8 Children,JACQUELINE,ATENCIO,2215 W 46TH AVE,ANCHORAGE,AK,99517,20241201,20261130,0W - 12 Y
10003552,JOAN'S DAYCARE,LH,12012,BI,Yes,(907) 717-5130,8 Children,JOAN,REGISTE,"5720 ROCKY MOUNTAIN CT,# B",ANCHORAGE,AK,99504,20240201,20260131,0M - 12 Y
10003605,JOAN'S PRESCHOOL CENTER,LC,12033,BI,Yes,(907) 694-7577,104 Children,JOAN,SCHUMAN,"11925 OLD GLENN HWY,STE 202",EAGLE RIVER,AK,99577,20240301,20260228,19M - 6 Y
10000776,JODY'S DAYCARE,LH,11781,BI,Yes,(907) 254-4697,8 Children,JODY,NALL,318 ALDER STREET,KETCHIKAN,AK,99901,20230501,20250430,6W - 12 Y
10003764,JOHNSON'S DAY CARE,LH,12047,BI,Yes,(907) 522-0225,8 Children,NARCISA,JOHNSON,2441 W 70TH  CIR,ANCHORAGE,AK,99502,20240501,20260430,0M - 12 Y
10003398,JOY CHILD DEVELOPMENT CENTER,LC,11870,BI,Yes,(907) 694-2755,64 Children,TERI,STOVER,10111 EAGLE RIVER LOOP RD,EAGLE RIVER,AK,99577,20230701,20250630,19M - 11 Y
10003746,JOY GREISEN JEWISH EDUCATION CENTER,LC,12085,BI,Yes,(907) 337-1672,102 Children,TIFFANY,LASALLE,7525 E NORTHERN LIGHTS BLVD,ANCHORAGE,AK,99504,20240601,20260531,3M - 12 Y
10016902,JOZ'S KIDZ,GL,11997,BI,Yes,(914) 325-6848,12 Children,JOANN,MCCLAIN,33217 PUNKIN AVE.,SEWARD,AK,99664,20231201,20251130,0W - 12 Y
10015204,JULIET'S DAY CARE,LH,11774,BI,Yes,(907) 512-0473,8 Children,JULIET,BITANGA,1016 THORSHEIM ST.,KODIAK,AK,99615,20230501,20250430,0W - 12 Y
10017153,JUNEAU ADVENTIST CHRISTIAN SCHOOL,LC,12007,PR,No,(907) 957-0226,20 Children,NANCY,ROMINE,4890 GLACIER HWY,JUNEAU,AK,99801,20231201,20241130,3Y - 12 Y
10000719,JUNEAU COMMUNITY PRESCHOOL,LC,11861,BI,Yes,(907) 586-2656,25 Children,MARY,SWEENEY,400 WEST 11TH STREET,JUNEAU,AK,99801,20230601,20250531,3Y - 6 Y
10000013,JUNEAU MONTESSORI SCHOOL,LC,11888,BI,Yes,(907) 364-3535,75 Children,LAURA,TALPEY,750 ST. ANN'S AVENUE,DOUGLAS,AK,99824,20230701,20250630,15M - 7 Y
10016440,JUNIOR'S CHILD CARE,LH,11934,BI,Yes,(907) 333-3345,8 Children,JUAN,SANTANA,"255 WHISPER KNOLL CIR,UNIT B",ANCHORAGE,AK,99504,20231001,20250930,0M - 12 Y
10008209,KAMIE'S KID KARE,LH,12051,BI,Yes,(907) 441-8031,8 Children,KAMIE,MILLER,23910 UPPER TERRACE ST,EAGLE RIVER,AK,99577,20240401,20260331,0M - 12 Y
10003561,KARE BEAR CHILDCARE,LH,11958,BI,Yes,(907) 375-9122,8 Children,MARY,BATKE,6831 CHEROKEE CT,ANCHORAGE,AK,99504,20231101,20251031,0M - 12 Y
10017215,"KAROUSEL KIDZ LEARNING CENTER 2, LLC",LC,12206,PR,Yes,(907) 376-0636,86 Children,KIRA,THOMPSON,300 W SWANSON AVE,WASILLA,AK,99654,20240909,20250831,0W - 12 Y
10016715,KAROUSEL KIDZ LEARNING CENTER LLC,LC,11848,BI,Yes,(907) 376-7000,68 Children,KIRA,THOMPSON,1508 BOGARD RD SUITE 9,WASILLA,AK,99654,20230601,20250531,0W - 12 Y
10016773,KATHY'S DAYCARE,LH,11962,BI,No,(907) 242-1370,8 Children,KATHLEEN,WHEELER,4131 EDINBURGH DR,ANCHORAGE,AK,99502,20231101,20251031,6W - 12 Y
10013167,KATMAI CHILD DEVELOPMENT CENTER,MC,0,,Yes,(907) 552-5113,,ANGELE,BELL,7181 11TH ST,ELMENDORF AFB,AK,99506,,,
10016994,KAYLA'S KIDDO CARE,LH,12180,BE,No,(907) 654-6702,8 Children,MAKAYLA,HECKERMAN,4410 E. REZANOF DR.,KODIAK,AK,99615,20240901,20241231,1W - 10 Y
10002229,KENAI DAY CARE,LH,12183,BI,Yes,(907) 274-0326,8 Children,MARTHA,ROCHA,3866 GALACTICA DR,ANCHORAGE,AK,99517,20241001,20260930,0M - 12 Y
10011709,KENAITZE EARLY LEARNING,LC,12145,BI,No,(907) 335-7260,125 Children,DIANE,BERNARD,12271 KENAI SPUR HIGHWAY,KENAI,AK,99611,20240701,20251031,0W - 12 Y
10013246,KETCHIKAN SCHOOL AGE PROGRAM,MC,0,,Yes,(907) 552-5091,,CARLA,DAVIS,7163 11TH,ELMENDORF AFB,AK,99506,,,
10000519,KIDS FIRST DAY CARE,LH,11864,BI,Yes,(907) 747-5456,8 Children,DAWN,MAHONEY-MENENDEZ,506 FIRST STREET,SITKA,AK,99835,20230601,20250531,6W - 12 Y
10000016,KIDS R FUN,LH,11681,BI,Yes,(907) 766-3885,8 Children,KIMBERLY,LARSON,135 PIEDAD ROAD,HAINES,AK,99827,20221201,20241130,0Y - 12 Y
10017152,KIDS R US,LH,12026,PR,Yes,(907) 317-7622,8 Children,TERESA,FELTON,8521 BROOKWAY CIRCLE,ANCHORAGE,AK,99504,20240101,20241231,1M - 6 Y
10005217,KIDS STAY N' PLAY,LH,11940,BI,Yes,(907) 987-0185,8 Children,LESLIE,NELSON,"505 STEWART STREET, APT F2",FAIRBANKS,AK,99701,20230901,20250831,0W - 12 Y
10015550,KIDS' CORPS - CHESTER VALLEY,LC,9104,,No,(907) 272-0133,16 Children,CHARLES,FREEMAN,1751 PATTERSON STREET,ANCHORAGE,AK,99504,20161001,20180831,4Y - 5 Y
10011117,KIDS' CORPS - CREEKSIDE PARK,LC,9144,,No,(907) 742-1550,16 Children,CHARLES,FREEMAN,7500 E. 6TH AVE,ANCHORAGE,AK,99504,20161001,20180430,4Y - 5 Y
10003658,KIDS' CORPS - EAST CENTER,LC,11986,BI,Yes,(907) 272-0133,88 Children,KATRINA,AHLFIELD (LETNER),"3710 EAST 20TH AVE,SUITE #2",ANCHORAGE,AK,99508,20231201,20251130,4M - 5 Y
10011088,KIDS' CORPS - GLADYS WOOD,LC,9142,,No,(907) 742-6760,20 Children,CHARLES,FREEMAN,7001 CRANBERRY ST,ANCHORAGE,AK,99502,20161001,20180430,3Y - 5 Y
10012339,KIDS' CORPS - MT VIEW EARLY HEAD START,LC,11984,BI,Yes,(907) 222-1222,32 Children,CHARLES,FREEMAN,"3350 COMMERCIAL DRIVE,SUITE 100 & 106",ANCHORAGE,AK,99501,20240201,20260131,4M - 4 Y
10003521,KIDS' CORPS - MULDOON CENTER,LC,12043,BI,No,(907) 333-5433,37 Children,RACHEL,SCHAFER (CONNER),"1251 MULDOON ROAD, #112",ANCHORAGE,AK,99504,20240401,20260331,3Y - 5 Y
10011090,KIDS' CORPS - WILLOW CREST,LC,9173,,No,(907) 742-1000,16 Children,CHARLES,FREEMAN,1004 W. TUDOR RD,ANCHORAGE,AK,99503,20161001,20180531,4Y - 5 Y
10016429,"KIDS' CORPS, INC. - RIDGELINE TERRACE",LC,11925,BI,No,(907) 334-1040,20 Children,CHARLES,FREEMAN,185 RIDGELINE LOOP,ANCHORAGE,AK,99501,20230901,20250831,3Y - 5 Y
10016604,KLONDIKE KIDS LLC,LC,11835,BI,Yes,(907) 488-2540,76 Children,TAMI,MURPHY,390 S. SANTA CLAUS LANE,NORTH POLE,AK,99705,20230601,20250531,0W - 12 Y
10000378,KODIAK BAPTIST MISSION,LC,12209,BE,Yes,(907) 486-4126,203 Children,KELLI,FOREMAN,1944 E. REZANOF DRIVE,KODIAK,AK,99615,20241101,20241231,3Y - 12 Y
10003408,KRISE DAY CARE HOME,LH,11972,BI,Yes,(907) 250-8806,8 Children,JANE,KRISE,8217 DEWBERRY ST,ANCHORAGE,AK,99502,20231201,20251130,13M - 12 Y
10017205,KUBZ KORNER,LH,12153,PR,Yes,(907) 290-6086,6 Children,FLORENCE,HAYGOOD,7190 W SANDVIK DR,WASILLA,AK,99623,20240701,20250630,1M - 10 Y
10000536,KYRIE N' FRIENDS,GL,12197,BI,Yes,(907) 398-7270,12 Children,LAURIE,MEAD,47075 HARVARD AVE,SOLDOTNA,AK,99669,20241001,20260930,0W - 12 Y
10017087,LEARN TO PLAY IN THE BAY,LC,12048,BI,Yes,(907) 357-9600,60 Children,NINA,VIGNOLA,5705 S SETTLER'S BAY DR,WASILLA,AK,99654,20240201,20250731,0W - 12 Y
10017194,LERMA'S CHILD CARE,LH,12193,PR,No,(907) 251-0811,8 Children,LERMA,HAPPOLD,519 W 5TH AVE,NORTH POLE,AK,99705,20240901,20250831,0W - 12 Y
10003617,LETICIA DAYCARE,LH,12177,BI,Yes,(907) 349-1991,8 Children,LETICIA,VINALES,1931 OLYMPIC DR,ANCHORAGE,AK,99515,20241001,20260930,0M - 10 Y
10016720,LITTLE ANGELS CHILDCARE,GL,11851,BI,Yes,(907) 230-9674,12 Children,DELAYSIA,SCOTT,700 W. WILDER AVE,WASILLA,AK,99654,20230601,20250531,6W - 12 Y
10003638,LITTLE BEARS PLAYHOUSE,LC,12130,BI,Yes,(907) 783-2116,29 Children,RACHEL,BYERS,130 EGLOFF DR.,GIRDWOOD,AK,99587,20240701,20260630,1Y - 9 Y
10017163,LITTLE BLESSINGS,GL,12081,PR,Yes,(907) 252-2141,12 Children,JOEL,WARNER,1113 EDGECUMBE DR,SITKA,AK,99835,20240401,20250331,0W - 12 Y
10000368,LITTLE CHERUBS DAYCARE,GL,12188,BI,Yes,(907) 983-2386,12 Children,LINDA,CALVER,810 STATE STREET,SKAGWAY,AK,99840,20240901,20260831,0W - 12 Y
10017014,LITTLE DIPPER LEARNING CENTER,LC,12168,BI,Yes,(907) 488-8384,72 Children,KAYLA,ELLIS,2960 HURST RD,NORTH POLE,AK,99705,20240901,20260831,6W - 12 Y
10000795,LITTLE DIPPERS LEARNING CENTER,LC,11912,BI,Yes,(907) 983-2667,30 Children,KERRI,RAIA,2275 MAIN STREET,SKAGWAY,AK,99840,20230801,20250731,0W - 12 Y
10016915,LITTLE EAGLES AND RAVENS NEST CHILD CARE,LC,12131,BI,Yes,(907) 463-7776,30 Children,WAUGHNITA,JAMES-ELTON,8001 GLACIER HWY SUITE 1,JUNEAU,AK,99801,20240701,20250131,0W - 6 Y
10016827,LITTLE EXPLORERS CHILDCARE,LH,12019,BI,Yes,(907) 775-5320,8 Children,TRACIE,ATWELL,861 E GOLDENDALE DR,WASILLA,AK,99654,20240201,20260131,6W - 12 Y
10015843,LITTLE EXPLORERS OF ADVENTURE,LH,12223,BE,Yes,(907) 687-3855,8 Children,NANCY,ESCOBAR,1017 AKIAK AVE,FAIRBANKS,AK,99701,20241101,20241231,0W - 12 Y
10003511,LITTLE FRIENDS,LH,12045,BI,No,(907) 351-5677,8 Children,KELLI,MOSES (MCKENZIE),3139 W 62ND AVE,ANCHORAGE,AK,99502,20240401,20260331,0M - 12 Y
10000436,LITTLE FRIENDS CHILDCARE,LC,12217,BE,Yes,(907) 746-7095,58 Children,TERESA,GLOVER,1635 N. OLD GLENN HWY,PALMER,AK,99645,20241001,20241231,1M - 12 Y
10011449,LITTLE HANDS BILINGUAL MONTESSORI DAYCAR,LH,11689,BI,Yes,(907) 947-1905,8 Children,JANET,CERDENA  BRYANT,8511 ROSALIND ST,ANCHORAGE,AK,99507,20221201,20241130,0M - 12 Y
10016646,LITTLE HANDS BILINGUAL MONTESSORI DAYCARE TWO,LH,12158,BI,No,(907) 947-1905,8 Children,SONIA,VENEGAS,3730 BEEMAN CIR,ANCHORAGE,AK,99507,20240901,20260831,0M - 12 Y
10005684,LITTLE HANDS DAY CARE,LH,12199,BI,Yes,(907) 248-8622,8 Children,MIREYA,GUTIERREZ,8330 NORTHWOOD ST,ANCHORAGE,AK,99502,20241101,20261031,0W - 12 Y
10003490,LITTLE HEN AND FRIENDS PRESCHOOL AND DAY,LH,10266,,No,(907) 337-8008,8 Children,VIANA,RODRIGUEZ-STAM,5602 EAST 4TH AVE,ANCHORAGE,AK,99504,20190101,20201231,0M - 12 Y
10002766,LITTLE JAMMERS,GL,12102,BI,Yes,(907) 978-7119,12 Children,SHERETHA,LEWIS,1000 REFINERY LOOP,NORTH POLE,AK,99705,20240601,20260531,0W - 11 Y
10017105,LITTLE KIDS 2 HOME DAY CARE,LH,12063,BI,Yes,(813) 666-9061,8 Children,LAURA,BERNARD,1380 JOYCE DRIVE,FAIRBANKS,AK,99701,20240501,20260430,12M - 8 Y
10016950,LITTLE KIDS DAYCARE,LH,11926,BI,Yes,(907) 744-9061,7 Children,ANGELIS,ROSARIO RODRIGUEZ,"4110 DEBARR RD,SPC D10",ANCHORAGE,AK,99508,20230901,20250831,0M - 12 Y
10015593,LITTLE LAMBS OF PEACE PRESCHOOL,LC,11682,BI,No,(907) 694-3456,20 Children,SARAH,PROEBER,11555 BIRCH HILLS DR,EAGLE RIVER,AK,99577,20221201,20241130,3Y - 5 Y
10012618,LITTLE LEARNERS ACADEMY,LC,12222,BE,Yes,(907) 357-1188,47 Children,MONICA,JACKSON,245 E. NELSON AVENUE,WASILLA,AK,99654,20241101,20241231,0M - 12 Y
10014726,LITTLE LOVES CHILD CARE & LEARNING CNTR,LH,11846,BI,Yes,(907) 888-8777,8 Children,LACEY,MILLER,2374 TIMBERPARK LOOP,NORTH POLE,AK,99705,20230601,20250531,0W - 12 Y
10003655,LITTLE MOUNTAIN MOVERS ACAD.-MAIN CAMPUS,LC,12150,BI,Yes,(907) 337-9575,172 Children,LAUREN,DOWD,6401 E NORTHERN LIGHTS BLVD,ANCHORAGE,AK,99504,20240801,20250731,6W - 12 Y
10000011,LITTLE PEOPLES LEARNING WORLD,LC,11769,BI,Yes,(907) 262-4113,60 Children,JESSICA,BAKER,35095 HUNTINGTON DRIVE,SOLDOTNA,AK,99669,20230301,20250228,0W - 12 Y
10017038,LITTLE PEOPLES LEARNING WORLD TOO,LC,11699,BI,Yes,(907) 262-4113,32 Children,JEFFRY,BAKER,35115 HUNTINGTON DR.,SOLDOTNA,AK,99669,20221201,20241130,30M - 12 Y
10016001,LITTLE POLAR BEARS,LH,11728,BI,Yes,(907) 720-6107,8 Children,ARLEN,BONILLA-AMBRIS,1941 OLYMPIC DR,ANCHORAGE,AK,99515,20230201,20250131,0M - 12 Y
10010631,LITTLE STARS DAYCARE,GL,11833,PR,Yes,(941) 704-7721,12 Children,ANGELINA,ASSAD,9030 ATLIN DRIVE,JUNEAU,AK,99801,20231201,20241130,0M - 12 Y
10016750,LITTLE STRETCHES CHILD CARE,LH,11900,BI,Yes,(907) 301-6183,6 Children,TASHADRA,JONES,"6600 DONNA DR,# B",ANCHORAGE,AK,99504,20230801,20250731,6W - 12 Y
10017186,LITTLE WAVES DAYCARE,LH,12146,PR,Yes,(719) 480-1252,8 Children,KADEE,CROWTHER,205 MARATHON DRIVE,SEWARD,AK,99664,20240501,20250430,0W - 12 Y
10017130,LITTLE WILDFLOWERS,LC,12074,BI,Yes,(907) 373-3950,55 Children,COURTNEY,CARPENTER,3950 E CAREFREE DR,WASILLA,AK,99654,20240601,20260531,6W - 12 Y
10017167,LITTLE WORLD DAYCARE,LH,12117,PR,Yes,(907) 333-8546,5 Children,ARELIA,GOMEZ,4849 E 6TH AVE,ANCHORAGE,AK,99508,20240601,20250531,8W - 5 Y
10000122,LIZ'S DAYCARE,GL,12112,BI,Yes,(907) 225-9786,12 Children,JESSIE - LIZ,KIFFER,10910 N. TONGASS HWY,KETCHIKAN,AK,99901,20240901,20260831,6W - 12 Y
10000206,LKSD EARLY LEARNING PROGRAMS,LC,11707,BI,Yes,(907) 543-4854,87 Children,ASHLEY,CRACE,"1004 RON EDWARDS WAY,CLASSROOMS 1, 2, & 3",BETHEL,AK,99559,20221201,20241130,3Y - 12 Y
10008070,LOTHEM PRESCHOOL,LH,12093,BI,Yes,(907) 338-4446,8 Children,ANNA,PAEK-LEE,1716 EAST 58TH CIRCLE,ANCHORAGE,AK,99507,20240601,20250531,0Y - 12 Y
10003465,LYDIA'S DAY CARE,LH,11948,BI,Yes,(907) 885-7292,8 Children,LYDIA,COLON,1116 NELCHINA ST,ANCHORAGE,AK,99501,20231101,20251031,0W - 12 Y
10017098,MAMA BEARS CUB CARE,GL,11832,BI,Yes,(907) 370-9309,12 Children,SHAUNNA,SHORES,2014 LAKE ESTATES LN,FAIRBANKS,AK,99701,20240101,20251231,6W - 12 Y
10000366,MAMA'S DAYCARE,LH,12123,BI,Yes,(907) 942-4774,8 Children,NORMA,LAHIP,1312 BARANOF STREET,KODIAK,AK,99615,20240601,20260531,0M - 12 Y
10003672,MARIA M. CONTRERAS,LH,11978,BI,Yes,(907) 277-1032,8 Children,MARIA,CONTRERAS,4001 E 8TH AVE,ANCHORAGE,AK,99508,20231201,20251130,0M - 12 Y
10003684,MARIBEL DAYCARE,LH,11933,BI,Yes,(907) 278-2876,8 Children,MARIBEL,CONTRERAS,515 FLOWER ST,ANCHORAGE,AK,99508,20231001,20250930,0M - 12 Y
10006950,MARIE'S LITTLE LAMBS LEARNING CENTER,GL,11921,BI,Yes,(907) 715-6226,12 Children,EDNA MARIE,ORITO,5470 S IRWIN DR.,WASILLA,AK,99623,20230901,20250831,19M - 12 Y
10016863,MAT-SU YMCA - TANAINA SCHOOL AGE CHILD D,LC,12071,BI,Yes,(907) 373-9622,30 Children,SAMANTHA,BERRY,2550 LUCILLE ST.,WASILLA,AK,99654,20240501,20260430,5Y - 12 Y
10016879,MATSU JEWISH PRESCHOOL,GL,12218,BE,Yes,(347) 415-5412,12 Children,CHAYA,GREENBERG,9530 E. HORSE PLAY CIRCLE,PALMER,AK,99645,20241001,20241231,0W - 12 Y
10000749,MAURICIO'S CHILD CARE,LH,11683,BI,Yes,(907) 419-6515,8 Children,YOLANDA,HERNANDEZ,8905 GEE STREET,JUNEAU,AK,99801,20221201,20241130,0W - 12 Y
10015914,MEMA'S DAYCARE,LH,11688,BI,Yes,(907) 770-6679,8 Children,ANNETTE,KELLEY,801 W 86TH AVE,ANCHORAGE,AK,99515,20221201,20241130,0M - 12 Y
10017043,MI CASA ES TU CASA,LH,11729,BI,Yes,(907) 360-3618,8 Children,CRISTINA,BALSIMELLI,1584 N HEATHER MEADOWS LOOP,ANCHORAGE,AK,99507,20230301,20250228,3M - 6 Y
10003731,MIGHTY MOOSE'S SCHOOL OF PLAY,LH,12182,BI,Yes,(907) 243-7713,8 Children,KATY,WEBSTER,"3505 WOODLAND PARK DR,#B",ANCHORAGE,AK,99517,20241101,20261031,1M - 12 Y
10016045,MILADY DAYCARE,LH,12090,BI,Yes,(907) 330-9186,8 Children,MILADY,VICTORIANO,810 S KLEVIN ST,ANCHORAGE,AK,99508,20240601,20260531,0M - 12 Y
10015587,MISS TORI'S TOTS,GL,11811,BI,Yes,(907) 373-9609,12 Children,TORI,JENSEN,3548 S JOHNSONS RD.,WASILLA,AK,99623,20230601,20250531,0W - 12 Y
10017051,"MITKOF MONSTERS CHILDCARE, LLC",LC,11779,BI,Yes,(907) 772-2700,30 Children,KALLIE,CAPLES,11 NORTH 12 STREET,PETERSBURG,AK,99833,20230401,20250331,0W - 5 Y
10016644,MOMMY'S LITTLE ANGELS CHILDCARE,LH,12207,BI,Yes,(907) 744-0805,8 Children,YULISA,DE LA ROSA ROSARI,4030 E 5TH AVE,ANCHORAGE,AK,99508,20241101,20261031,0M - 12 Y
10015818,MONTESSORI BOREALIS CHILDREN'S HOUSE,LC,12003,BI,Yes,(907) 523-1848,30 Children,LUPITA,ALVAREZ-BOTELHO,1415 GLACIER AVENUE,JUNEAU,AK,99801,20231201,20251130,37M - 7 Y
10003579,MORNING STAR CHRISTIAN SCHOOL,LC,11750,BI,Yes,(907) 522-9034,146 Children,CECILIA,QUIAMBAO,8220 BRIARWOOD STREET,ANCHORAGE,AK,99518,20230201,20250131,6W - 12 Y
10003556,MOTHER'S DEN FAMILY PLAY-CARE,LH,11937,BI,Yes,(907) 350-1230,8 Children,DONNA,KELLIEGH (KIRBY),1800 STATE STREET,ANCHORAGE,AK,99504,20231001,20250930,0M - 12 Y
10014194,MOUSE TRAP PLAYSCHOOL INC.,LC,11878,BI,Yes,(907) 745-1803,100 Children,MARLENE,STEPHENS,517 SOUTH COBB STREET,PALMER,AK,99645,20230801,20250731,19M - 12 Y
10017118,MRS. CRYSTALS KIDDY CARE,LH,12089,BI,Yes,(907) 942-4088,8 Children,CRYSTAL,CURP,5201 HUFFMAN ROAD,ANCHORAGE,AK,99516,20240601,20260531,0W - 12 Y
10017000,MRS. MEGAN'S LITTLE RASCALS,GL,12129,BI,Yes,(907) 825-2188,12 Children,MEGANMARIE,REYNOLDS,4461 S. TIMBERLAND LOOP,WASILLA,AK,99623,20240701,20260331,0M - 12 Y
10000160,MT. EDGECUMBE PRESCHOOL,LC,11866,BI,Yes,(907) 966-2675,22 Children,LORI,WHITMILL,129 SEWARD STREET,SITKA,AK,99835,20230601,20250531,3Y - 6 Y
10014642,MY 2ND HOME DAY CARE,LH,11952,BI,Yes,(907) 830-2679,8 Children,PERSEVERANDA,ESPINAL,"314 FLOWER STREET,APT #3",ANCHORAGE,AK,99508,20231101,20251031,0M - 12 Y
10003653,MY FAVORITE PRESCHOOL,LC,12125,BI,No,(907) 223-1049,26 Children,CHERI,FRANCIS,1265 S SEWARD MERIDIAN PARKWAY  SUITE G,WASILLA,AK,99654,20240801,20260731,2Y - 7 Y
10017182,MY FIRST STEPS HOME DAYCARE,LH,12135,PR,Yes,(907) 519-2694,6 Children,DALINERSY,PEREZ-HENRIQUEZ,3925 E 8TH AVE,ANCHORAGE,AK,99508,20240601,20250531,0M - 12 Y
10017180,NANA'S CHILDCARE,LH,12050,PR,Yes,(907) 322-8708,8 Children,MELODY,LINTELMAN,4180 CREAMER RD,DELTA JUNCTION,AK,99737,20240201,20250131,0W - 12 Y
10009759,NANETTE'S LITTLE ONES CHILDCARE,LH,11988,BI,Yes,(907) 830-2310,8 Children,NANETTE,HINTHER,7035 FREDRICKS DR,ANCHORAGE,AK,99504,20240101,20251231,0M - 12 Y
10003590,NEIGHBORHOOD DAYCARE CO.,LH,11754,BI,Yes,(907) 342-5119,8 Children,KERRY,HINTON,"909 CHERRY ST,APT B",ANCHORAGE,AK,99504,20230401,20250331,0W - 12 Y
10016023,NEW GENERATIONS CHILD DEVELOPMENT CENTER,LC,12205,BI,Yes,(907) 373-3118,68 Children,TERESA,NELSON,"611 S. KNIK GOOSE BAY RD, SUITE F",WASILLA,AK,99654,20240901,20260630,6W - 12 Y
10000503,NEW HORIZONS DAY CARE,GL,11697,BI,Yes,(907) 456-8534,12 Children,ANNA,CULLEY,1109 PARK DRIVE,FAIRBANKS,AK,99709,20221201,20241130,0W - 12 Y
10000287,NICOLE'S DAYCARE,GL,12101,BI,Yes,(907) 347-4220,12 Children,NICOLE,CRAIG,606 WAINWRIGHT RD,FAIRBANKS,AK,99701,20240501,20260430,0W - 12 Y
10016150,NIKAITCHUAT ILISAGVIAT,LC,11725,BI,No,(907) 442-4160,20 Children,CANDICE,KELSEY-BALDWIN,600 5TH AVENUE,KOTZEBUE,AK,99752,20230101,20241231,3Y - 8 Y
10007065,NIKKI'S DAYCARE,GL,12174,BI,Yes,(907) 299-0416,12 Children,NIKA,DAVIS,628 RANGEVIEW AVE.,HOMER,AK,99603,20240801,20260731,0W - 12 Y
10016294,"NOME PRESCHOOL ASSOCIATION, INC",LC,12016,BI,Yes,(907) 443-2943,20 Children,REBECCA,SHERMAN-LUCE,911 E. 5TH,NOME,AK,99762,20240201,20260131,3Y - 9 Y
10017013,NORTH STAR LEARNING CENTER,LC,12065,BI,Yes,(907) 488-7827,49 Children,DARBY,MCFETRIDGE,"500 E. 5TH AVE,SUITE A",NORTH POLE,AK,99705,20240501,20260430,0W - 12 Y
10015532,NORTHERN LIGHTS PRESCHOOL & CHILD CARE,LC,12138,BI,Yes,(907) 274-2040,173 Children,"JOBELLA""PIA""",JOHNSON,"703 W NORTHERN LIGHTS BLVD,STE 200",ANCHORAGE,AK,99503,20240901,20260831,12M - 12 Y
10011692,NORTHERN LIGHTS PRESCHOOL OF ARTS,GL,11923,BI,Yes,(907) 378-4598,12 Children,SAMANTHA,CURRY,1815 BRIDGEWATER DR.,FAIRBANKS,AK,99709,20230801,20250731,1Y - 12 Y
10017113,NUNAKINS,LH,12147,BI,Yes,(907) 355-6025,8 Children,TRACEY,SCHAEFFER,238 5TH AVE,KOTZEBUE,AK,99752,20240701,20260630,0W - 5 Y
10013873,OMA'S DAY CARE,LH,11801,BI,Yes,(907) 748-3020,8 Children,ESTE,SELDON,2631 KENMORE CIR,ANCHORAGE,AK,99504,20230501,20250430,0M - 12 Y
10000590,OPEN ARMS CHILD DEVELOPMENT CENTER,LC,11975,BI,Yes,(907) 455-9466,236 Children,ELIA,PETERSON,2980 DAVIS ROAD,FAIRBANKS,AK,99709,20231201,20251130,6W - 12 Y
10016951,OUR KIDS OUR FUTURE LLC,GL,12066,BI,Yes,(907) 378-3426,12 Children,APRIL,JOHNKINS,3594 GOLDIZEN AVE.,FAIRBANKS,AK,99707,20240501,20260430,6W - 12 Y
10014934,PACIFIC NORTHERN ACADEMY,LC,11927,BI,No,(907) 333-1080,80 Children,ANNA,RAMSEY,"2511 SENTRY DR,STE. 100",ANCHORAGE,AK,99507,20230726,20250630,34M - 12 Y
10012381,PALMER LIFEWAYS LLC,LC,11678,BI,Yes,(907) 746-0077,60 Children,LORI,BERRIGAN,3199 N. PALMER-FISHHOOK RD,PALMER,AK,99645,20221201,20241130,6W - 12 Y
10007266,PAMPERED MOMS,LH,11916,BI,Yes,(907) 841-1660,8 Children,RHONDA,LYNCH,1431 DOWNWIND DR #2,PALMER,AK,99645,20230901,20250831,0W - 12 Y
10016772,PASITOS DE AMOR,GL,11664,BI,Yes,(907) 978-6151,12 Children,FLOR,MERINO,1008 AKIAK AVE,FAIRBANKS,AK,99701,20221201,20241130,3W - 12 Y
10000380,PATY'S DAY CARE,LH,11982,BI,Yes,(907) 486-3810,8 Children,PATROCINIO,HELMS,1422 MISSION ROAD,KODIAK,AK,99615,20231201,20251130,0M - 12 Y
10000310,PEACEHEALTH KMC CHILD DEVELOPMENT CENTER,LC,11782,BI,Yes,(907) 225-4871,42 Children,PATRICK,STACK,433 JACKSON STREET,KETCHIKAN,AK,99901,20230501,20250430,0W - 12 Y
10017228,PEQUENOS TRAVIESOS,LH,12216,PR,No,(907) 903-3104,8 Children,GLORIA,ECHEVERRI,837 EAST 12TH AVENUE,ANCHORAGE,AK,99501,20241001,20250930,1M - 12 Y
10000316,PETERSBURG CHILDREN'S CENTER,LC,11993,BI,Yes,(907) 772-3419,65 Children,SHARLAY,MAMOE,404 DOLPHIN STREET,PETERSBURG,AK,99833,20231201,20251130,6W - 12 Y
10003732,PITTER PATTER CHILDCARE,LH,11920,BI,Yes,(907) 830-2691,8 Children,SHELLY,HINTON (RODENBAUG,8411 E 11TH CT,ANCHORAGE,AK,99504,20231001,20250930,0M - 12 Y
10002263,PLAY ALL DAY CARE,LH,11897,BI,Yes,(907) 274-4942,8 Children,NORA,RAMOS,1212 LATOUCHE ST,ANCHORAGE,AK,99501,20230801,20250731,0M - 12 Y
10016316,PLAYFUL PANDAS,LH,11886,BI,Yes,(907) 314-0234,8 Children,MARTA,VENABLES,2477 SCOTT DRIVE,JUNEAU,AK,99801,20230701,20250630,0Y - 12 Y
10016778,POLAR PALS CHILD CARE,LH,11949,BI,Yes,(907) 203-8166,8 Children,SIERRA,RIFE,3710 REGIUS AVE,NORTH POLE,AK,99705,20231001,20250930,12W - 12 Y
10000711,PRECIOUS MEMORIES DAYCARE,GL,11724,BI,Yes,(907) 687-7100,12 Children,JUDY,MARTINEZ,1428 28TH AVE,FAIRBANKS,AK,99701,20230101,20241231,0W - 12 Y
10003763,PROVIDENCE CENTER FOR CHILD DEVELOPMENT,LC,11822,BI,Yes,(907) 212-3075,121 Children,CHRISTINA,JURENKA,3900 PIPER ST,ANCHORAGE,AK,99508,20230601,20250531,8W - 12 Y
10016173,"PUFFIN HEIGHTS MONTESSORI, LLC",LC,11694,BI,Yes,(907) 272-5999,44 Children,WILLIAM,CANADY,1000 W 20TH AVE,ANCHORAGE,AK,99503,20230101,20241231,15M - 7 Y
10016277,PURPOSEFUL PLAY PRE-K,LH,12151,BI,No,(907) 441-4912,8 Children,RAYCHEL,MCCONNELL,900 LIGHTHOUSE CT,ANCHORAGE,AK,99515,20240901,20260831,3Y - 12 Y
10003634,RABBIT CREEK COMMUNITY ASSOCIATION SACC,LC,12035,BI,Yes,(907) 742-5722,80 Children,LAURIE,WADE,13650 LAKE OTIS PKWY,ANCHORAGE,AK,99516,20240401,20260331,5Y - 12 Y
10000125,RALLY - AUKE BAY,LC,11809,BI,Yes,(907) 796-5240,90 Children,RUTH,BEATTIE,11869 GLACIER HIGHWAY,JUNEAU,AK,99801,20230401,20250331,5Y - 12 Y
10000326,RALLY - GASTINEAU,LC,12042,BI,Yes,(907) 796-5033,60 Children,FISHER-LEE,STEVENS,1507 3RD STREET,DOUGLAS,AK,99824,20240201,20260131,5Y - 12 Y
10000329,RALLY - GLACIER VALLEY,LC,12041,BI,Yes,(907) 780-1409,90 Children,CHRISTINA,ACKMANN,3400 TONGASS BOULEVARD,JUNEAU,AK,99801,20240201,20260131,5Y - 12 Y
10000328,RALLY - HARBORVIEW,LC,860,BI,Yes,(907) 523-1857,90 Children,MELISSA,ROBERTS,"1255 GLACIER AVE. ROOMS 116 & 118,MAIN RALLY ROOM, COMMONS, GYM.",JUNEAU,AK,99801,70506,20060131,5Y - 168 M
10017131,RAY'S CHILD CARE AND LEARNING CENTER,LC,12227,PE,Yes,(907) 745-4875,68 Children,CARSEN,RAY,1738 N CHET CIRCLE,PALMER,AK,99645,20241101,20241231,0W - 12 Y
10004755,RIDGEWAY MONTESSORI PRESCHOOL,GL,12053,BI,Yes,(907) 262-2699,12 Children,CORI,MCKAY,44875 SPRUCE AVE,SOLDOTNA,AK,99669,20240301,20260228,3Y - 12 Y
10007007,RISING STAR CHILD CARE & LEARNING CENTER,LC,12049,BI,Yes,(907) 373-4875,142 Children,NICOLE,SMITH,1405 N. WASILLA FISHHOOK,WASILLA,AK,99654,20231201,20251130,0Y - 12 Y
10013304,RIVER OF LIFE CHRISTIAN DAYCARE CENTER,LC,11919,BI,Yes,(907) 486-7652,30 Children,EMMA,GONZALEZ,2050 SELIEF LANE,KODIAK,AK,99615,20230901,20250831,0W - 12 Y
10012728,RODA DAY CARE,LH,12178,BI,Yes,(907) 317-3726,8 Children,RODA,SOSA,4526 E 6TH AVE,ANCHORAGE,AK,99508,20241001,20260930,0M - 12 Y
10013927,ROOM FOR BABIES DAYCARE,GL,11831,BI,Yes,(907) 452-2337,11 Children,KASEY,MCALLISTER,5320 DECATHLON AVE,FAIRBANKS,AK,99709,20230601,20250531,6W - 12 Y
10016714,ROOM TO GROW PRESCHOOL LLC,LC,11748,BI,Yes,(907) 451-7475,37 Children,IRIS,BOEHM,3283 ADAMS DRIVE,FAIRBANKS,AK,99709,20230201,20240131,30M - 9 Y
10003623,ROSE'S CHILD CARE,LH,11821,BI,Yes,(907) 245-0955,8 Children,MARIA,LEON,3410 W 30TH AVE,ANCHORAGE,AK,99517,20230601,20250531,0M - 12 Y
10003401,RUBY'S CHILD CARE,LH,11891,BI,Yes,(907) 279-2050,8 Children,RUBY,OROZCO (TORRES),"3240 PENLAND PKWY,SPC 76",ANCHORAGE,AK,99508,20230801,20250731,0M - 12 Y
10003644,RURAL CAP CHILD DEVELOPMENT CENTER,LC,11677,BI,Yes,(907) 278-0068,64 Children,DANIELA,RODRIGUEZ,545 E 5TH AVE,ANCHORAGE,AK,99501,20221201,20241130,19M - 5 Y
10016733,SAINT ELIZABETH ANN SETON SCHOOL,LC,11790,BI,No,(907) 345-3712,50 Children,KATHLEEN,GUSTAFSON,2901 HUFFMAN RD,ANCHORAGE,AK,99516,20230401,20250331,4Y - 12 Y
10015644,SARAH'S STEPPING STONES,GL,12133,BI,Yes,(907) 371-7121,12 Children,SARAH,HANSON,301 BENTLEY DR.,FAIRBANKS,AK,99701,20240801,20260731,0W - 12 Y
10017034,SHAKIRA'S CUB WATCH,GL,12077,PR,Yes,(907) 388-6411,12 Children,SHAKIRA,SHAW,1714 MARIKA RD,FAIRBANKS,AK,99709,20240401,20250331,0W - 12 Y
10000162,SHELDON JACKSON CHILD CARE CENTER,LC,11994,BI,Yes,(907) 747-5437,50 Children,LOLLY,MILLER,111 JOHN BRADY DR.,SITKA,AK,99835,20231201,20251130,1M - 132 M
10013168,SITKA CHILD DEVELOPMENT CENTER,MC,0,,Yes,(907) 552-6403,,TINA,ROBERTS,6376 15TH ST,ELMENDORF AFB,AK,99506,,,
10000268,SMART START,GL,12224,BE,Yes,(907) 978-1011,12 Children,ANNETTE,SUNDBERG,313 DROZ DRIVE,FAIRBANKS,AK,99701,20241101,20241231,0W - 12 Y
10016926,SMART START LEARNING CENTER,LC,12226,BE,Yes,(907) 459-4760,162 Children,STARRLITA,CONDE,3101 LATHROP ST.,FAIRBANKS,AK,99701,20241101,20241231,6W - 12 Y
10014045,SMILING STARS CHILD CARE HOME,LH,12137,BI,Yes,(907) 561-5082,8 Children,ROCHELLE,MENDOZA-SOPER,3808 WILSON ST,ANCHORAGE,AK,99503,20240901,20260831,0W - 12 Y
10000793,SOLDOTNA KIDS EARLY LEARNING CENTER LLC,LC,11829,BI,Yes,(907) 262-1071,90 Children,ROBERTA,REDMON,35911 KENAI SPUR HWY,SOLDOTNA,AK,99669,20230501,20250430,0W - 12 Y
10016751,SOUTHCENTRAL FOUNDATION EMPLOYEE FAMILY,LC,11871,BI,Yes,(907) 729-8600,96 Children,ANGIE,LANTZ (LAW),4145 TUDOR CENTRE DRIVE,ANCHORAGE,AK,99508,20230701,20250630,6W - 12 Y
10012903,SPROUTLETS CREATIVE LEARNING,GL,12122,BI,Yes,(360) 801-1994,12 Children,LUPINE,ORLOB,530 ASH AVE,KENAI,AK,99611,20240601,20260531,1M - 12 Y
10017085,SPROUTS PRESCHOOL,LC,12172,BI,Yes,(907) 362-1555,20 Children,TARA,CRAYTOR,600 SEA LION AVE,SEWARD,AK,99664,20240801,20250731,3Y - 5 Y
10017083,STAC PLANTING EDEN LEARNING CENTER,LC,12030,BI,Yes,(907) 228-3325,60 Children,JULIE,MCFARLAND,376 OLD HOLMSTEAD ROAD,KETCHIKAN,AK,99901,20240201,20260131,19M - 12 Y
10017147,STARBRIGHT EARLY LEARNING CENTER,LC,12169,BI,Yes,(907) 562-1414,72 Children,MELISSA,CONLEY,3531 E. TUDOR RD.,ANCHORAGE,AK,99507,20241001,20260930,3Y - 12 Y
10017077,STARBRIGHT EARLY LEARNING CENTER - SOUTH,LC,11858,BI,Yes,(907) 522-1464,20 Children,JENNIFER,REEVES,"1130 W. DIMOND BLVD, UNIT E",ANCHORAGE,AK,99515,20230701,20250630,3Y - 5 Y
10001033,"STAY, PLAY & LEARN",GL,12173,BI,Yes,(907) 299-1788,12 Children,FAINA,MELKOMUKOV,605 RANGEVIEW AVE,HOMER,AK,99603,20240801,20260731,0M - 12 Y
10011792,STONE PATH MONTESSORI,LC,11970,BI,Yes,(907) 622-6998,70 Children,KATHRYN,TORRES,"12812 OLD GLENN HWY,STE A12",EAGLE RIVER,AK,99577,20231201,20241130,3M - 12 Y
10016467,SUDANESE NUER PROGRAM USA LLC,LH,12164,NC,Yes,(907) 444-1920,8 Children,PETER,GATLUAK,738 KLEVIN ST,ANCHORAGE,AK,99508,20240901,20250831,0M - 12 Y
10011387,SUN VALLEY CHILD CARE,GL,11803,BI,No,(907) 978-2125,12 Children,TAVIA,FLORENS-BOLTON (K,2039 SUN VALLEY DRIVE,FAIRBANKS,AK,99709,20230501,20250430,0W - 12 Y
10017076,SUNFLOWER PRESCHOOL,LC,12092,BI,Yes,(907) 277-3005,48 Children,PAOLA,GOMEZ,2500 BONIFACE PARKWAY,ANCHORAGE,AK,99504,20240501,20250630,19M - 8 Y
10014325,SUNFLOWER'S DAY CARE,LH,12013,BI,Yes,(907) 360-8817,8 Children,GRECIA,ARECHE RODRIGUEZ,7232 SPRUCE ST,ANCHORAGE,AK,99507,20240201,20260131,0W - 12 Y
10015115,SUNSHINE FAMILY DAY CARE 2,GL,11723,BI,Yes,(907) 978-4596,12 Children,ROSARIO,MILLER,235 FAREWELL AVE,FAIRBANKS,AK,99701,20230101,20241231,0W - 12 Y
10000716,SUNSHINE STATION CHILD CARE CENTER,GL,12109,BI,Yes,(907) 733-5437,26 Children,KELSEY,DEMARCE,16004 E WALSTED DR,TALKEETNA,AK,99676,20240501,20250430,4M - 12 Y
10009871,SUSAN'S HOME SWEET HOME,LH,11885,BI,Yes,(907) 332-4214,8 Children,SUSAN,HA,3471 HARRIER CIR,ANCHORAGE,AK,99504,20230801,20250731,0M - 12 Y
10007087,SWEET HOME,LH,11981,BI,Yes,(907) 277-3810,8 Children,ELIANTA,PICHARDO OVALLES,825 LANE ST,ANCHORAGE,AK,99508,20231201,20251130,0M - 12 Y
10016761,T&C PLAYHOUSE,GL,11890,BI,Yes,(907) 519-2300,12 Children,CHRISTINA,JAMES,401 S. LOWER RD,PALMER,AK,99645,20230801,20250731,6W - 12 Y
10005220,TALKEETNA CHILD DEVELOPMENT CENTER,MC,0,,Yes,(907) 384-0686,,KIRSTEN,SCOTT,BLD 11 5TH ST,JBER,AK,99505,,,
10003780,TANAINA CHILD DEVELOPMENT CENTER,LC,12149,BI,Yes,(907) 222-1749,90 Children,AMANDA,BUTLER (SMODEY),"1200 AIRPORT HEIGHTS DR,STE 140",ANCHORAGE,AK,99508,20240801,20260731,12M - 6 Y
10000281,TEDDY BEAR LOVING DAY CARE,GL,11894,BI,Yes,(907) 457-1314,12 Children,KELLEY,WILSON,1615 CARR AVE,FAIRBANKS,AK,99709,20230801,20250731,0W - 12 Y
10000407,TERESA'S CHILD CARE,LH,11825,BI,Yes,(907) 373-5224,5 Children,TERESA,NUNES,991 S. VINE ROAD,WASILLA,AK,99623,20230501,20250430,6W - 12 Y
10017196,THE ACADEMY,LC,12103,PR,Yes,(907) 385-0311,72 Children,AMANDA,HENDERSON,297 W 5TH AVE,NORTH POLE,AK,99705,20240501,20250430,6W - 5 Y
10003718,THE ALASKA CLUB FUN CAMP EAST,LC,11876,BI,Yes,(907) 330-0154,49 Children,BENJAMIN,GRIFFITH,5201 EAST TUDOR ROAD,ANCHORAGE,AK,99507,20230605,20250531,5Y - 12 Y
10003935,THE ALASKA CLUB SUMMER FUN CAMP,LC,12118,BI,Yes,(907) 458-1758,60 Children,JEANETTE,BATZ,747 OLD RICHARDSON HWY,FAIRBANKS,AK,99701,20240601,20260531,5Y - 12 Y
10003406,THE JEWEL LAKE BILINGUAL CHILD CARE,LH,11777,BI,Yes,(907) 278-5192,8 Children,LORENA,LEON-CANDELARIO,6463 THURMAN DR,ANCHORAGE,AK,99502,20230401,20250331,0M - 12 Y
10016536,THE LEARNING CENTER,LC,11580,BI,No,(907) 458-5335,50 Children,REBECCA,BRUNTZ,1404  20TH AVENUE,FAIRBANKS,AK,99701,20220701,20241231,6W - 12 Y
10015501,THE NEXT BEST THING DAYCARE LLC,LC,11959,BI,Yes,(907) 252-1925,45 Children,BRIDGET,WOODWARD,607 FRONTAGE ROAD,KENAI,AK,99611,20231001,20250930,0Y - 12 Y
10017190,THRIVALASKA CLUBHOUSE,LC,12119,PR,Yes,(907) 385-5878,36 Children,BRYANA,GARCIA-DELACRUZ,1908 OLD PIONEER WAY,FAIRBANKS,AK,99709,20240601,20250531,5Y - 12 Y
10017195,THRIVALASKA FAMILY SPROUTS,GL,12105,PR,Yes,(907) 460-4404,10 Children,BRYANA,GARCIA-DELACRUZ,1949 GILLIAM WAY SUITE C,FAIRBANKS,AK,99701,20240501,20250430,6W - 12 Y
10009757,THRIVALASKA HEAD START BIRTH TO 5 -FBKS,LC,12034,BI,Yes,(907) 452-4267,144 Children,SARAH,NEWTON,1949 GILLAM WAY SUITE A,FAIRBANKS,AK,99701,20240301,20260228,0W - 12 Y
10005097,THRIVALASKA SCHOOL AGE PROGRAM,LC,12187,BI,Yes,(907) 799-6862,36 Children,KATRINA,RHYNARD,"700 AUBURN DR,IN THE PEARL CREEK ELEMENTARY BUILDING",FAIRBANKS,AK,99709,20240901,20260831,5Y - 12 Y
10017183,TINY HEARTS,LH,12132,PR,No,(907) 715-3484,6 Children,CELIA,CORTEZ,407 STEWART STREET,ANCHORAGE,AK,99508,20240601,20250531,0M - 12 Y
10016979,"TINY TREASURES DAYCARE, LLC",GL,12084,BI,Yes,(907) 687-2279,12 Children,PATRICIA,MANUEL,2212 JACK STREET,FAIRBANKS,AK,99709,20240501,20260430,0W - 12 Y
10004727,TINY'S KID CARE,LH,11703,BI,Yes,(907) 332-3331,8 Children,TINY,THOMAS,1509 PATTERSON ST,ANCHORAGE,AK,99504,20230101,20241231,0W - 12 Y
10016537,TLC TOO!,LC,11722,BI,No,(907) 458-6464,55 Children,RILEY,SNOW LENOBLE,1414 23RD AVE,FAIRBANKS,AK,99701,20230101,20241231,6W - 12 Y
10016078,TONYA'S BERRY PATCH LLC,LH,12189,BI,Yes,(907) 227-3934,8 Children,TONYA,DICKERSON,4308  NEEDLE CIR,ANCHORAGE,AK,99508,20241001,20260930,0M - 12 Y
10017232,TOTS R US CHILDCARE,LG,12195,PR,Yes,(907) 347-7960,12 Children,ALEJANDRA,BARRAGAN,2812 TURNER STREET,FAIRBANKS,AK,99701,20240901,20250831,6W - 12 Y
10000085,TRANNIES TOTS,GL,12114,BI,Yes,(907) 374-5998,12 Children,TRANNIE,BOSWORTH,620 WAINWRIGHT ROAD,FAIRBANKS,AK,99701,20240601,20260531,0W - 12 Y
10017068,"TRUE HARVEST, LLC",LC,11956,BI,No,(907) 388-5869,13 Children,KRISTIE,GEBHARDT,1760 WESTWOOD WAY,FAIRBANKS,AK,99709,20231101,20251031,3Y - 5 Y
10017143,TRUE NORTH LEARNING ACADEMY,LC,12104,PR,Yes,(907) 451-1582,83 Children,MARK,ZWEIFEL,3295 COLLEGE RD,FAIRBANKS,AK,99709,20240501,20250430,0W - 5 Y
10016202,TUNDRA TYKES,LC,11732,BI,Yes,(907) 271-4500,90 Children,ANGIE,LANTZ (LAW),750 D ST,ANCHORAGE,AK,99501,20230201,20250131,6W - 6 Y
10017156,TWINKLE TWINKLE LIL STARS,LH,12214,BI,Yes,(907) 347-6765,8 Children,RINA,VELEZ,1228 SUTTON LOOP,FAIRBANKS,AK,99701,20241101,20261031,0W - 12 Y
10000660,UIVIILAT PLAY AND LEARN CENTER,LC,12111,BI,Yes,(907) 443-9058,72 Children,DEBORAH,TROWBRIDGE,606 E. I STREET,NOME,AK,99762,20240601,20260531,0W - 6 Y
10002179,UNICES DAYCARE,LH,12160,NC,Yes,(907) 744-3442,8 Children,UNICES,MOSQUETE,"3240 PENLAND PKWY,SPC 415",ANCHORAGE,AK,99508,20240901,20250228,0M - 12 Y
10013468,VALDEZ PRESCHOOL,GL,11996,BI,No,(907) 835-2667,12 Children,KYLIE,DE LA MORA,"321 EGAN STREET, SUITE 109",VALDEZ,AK,99686,20231201,20250531,19M - 6 Y
10016614,"VALLEY CREATIVE MINDS PRESCHOOL, LLC",LH,12219,BE,No,(907) 982-7018,8 Children,ALLISON,ELLIBEE,2021 N MIDTOWN DR,PALMER,AK,99645,20241001,20241231,3Y - 5 Y
10016985,VALLEY MONTESSORI,LC,12004,BI,Yes,(907) 631-7062,20 Children,MICHELLE,KRUEGER,5461 E. MAYFLOWER LANE,WASILLA,AK,99654,20240101,20251231,3Y - 5 Y
10000159,VENTURES PROGRAM SITKA,LC,11863,BI,Yes,(907) 966-1317,70 Children,ANNETTE,EVANS,305 BARANOF STREET305 BARANOF AVENUE,SITKA,AK,99835,20230601,20250531,5Y - 12 Y
10004989,VERA'S CHILD CARE,LH,11950,BI,Yes,(907) 616-0891,8 Children,VERA,YELENSKAYA,2743 TRIPLE H. RD.,DELTA JUNCTION,AK,99737,20231101,20251031,0W - 12 Y
10003567,WANA'S WORLD,LH,12191,BI,Yes,(907) 337-3962,8 Children,TAWANA,EARLS,"8501 KLUANE AVE,APT D",ANCHORAGE,AK,99504,20241101,20261031,0M - 12 Y
10005913,WEE CARE A LOT CHILD CARE,LH,11915,BI,Yes,(907) 746-1008,6 Children,CONNIE,BONGERS,955 JOSH DRIVE,PALMER,AK,99645,20230901,20250831,0Y - 12 Y
10017170,"WILLOW PTARMIGAN'S NEST - CDC, LLC",LC,12121,PR,Yes,(907) 488-9762,52 Children,AUDRIANA,FRANCISCO,2936 BADGER ROAD,NORTH POLE,AK,99705,20240601,20250531,6W - 5 Y
10017089,WINDSONG GARDEN SCHOOL,LH,11941,BI,No,(907) 903-3254,8 Children,LISA,STRATFORD,4330 MANYTELL AVE,ANCHORAGE,AK,99516,20231001,20250930,24M - 6 Y
10016669,WOODLAND DAY CARE,LH,11762,BI,Yes,(907) 740-8033,8 Children,MARTINA,MCCAUGHEY,701 MAPLE DRIVE,KENAI,AK,99611,20230301,20250228,1M - 12 Y
10012727,WYZE ANGELZ,LH,12079,BI,Yes,(907) 770-6701,8 Children,WYDALIS,RIVERA,5906 WINDING WAY,ANCHORAGE,AK,99504,20240601,20260531,0M - 12 Y
10012274,YANERI BILINGUAL CHILD CARE,LH,11791,BI,Yes,(907) 903-6056,8 Children,ANA,CASTILLO,"835 N PARK ST,APT A",ANCHORAGE,AK,99508,20230401,20250331,0M - 12 Y
10003752,YMCA - BAXTER SAC DEV SITE,LC,11983,BI,Yes,(907) 306-9549,60 Children,DAVID,KOCH,2991 BAXTER ROAD,ANCHORAGE,AK,99504,20240101,20251231,5Y - 12 Y
10003753,YMCA - BAYSHORE SACD SITE,LC,11971,BI,Yes,(907) 742-5092,80 Children,DAVID,KOCH,10500 BAYSHORE DRIVE,ANCHORAGE,AK,99515,20231201,20251130,5Y - 12 Y
10003754,YMCA - BOWMAN SACD SITE,LC,11969,BI,Yes,(907) 348-8905,60 Children,DAVID,KOCH,11700 GREGORY ROAD,ANCHORAGE,AK,99516,20231201,20251130,5Y - 12 Y
10003755,YMCA - COLLEGE GATE SAC DEV SITE,LC,12022,BI,Yes,(907) 563-3211,80 Children,DAVID,KOCH,3101 SUNFLOWER STREET,ANCHORAGE,AK,99508,20240401,20260331,5Y - 12 Y
10004724,YMCA - EAGLE RIVER SACD SITE,LC,12212,BI,Yes,(907) 223-7628,60 Children,DAVID,KOCH,10900 OLD EAGLE RIVER ROAD,EAGLE RIVER,AK,99577,20241101,20261031,5Y - 12 Y
10003758,YMCA - KASUUN SAC DEV SITE,LC,12057,BI,Yes,(907) 563-3211,80 Children,DAVID,KOCH,4000 EAST 68TH AVENUE,ANCHORAGE,AK,99507,20240501,20260430,5Y - 12 Y
10003759,YMCA - KINCAID SAC DEV SITE,LC,11751,BI,Yes,(907) 563-3211,80 Children,DAVID,KOCH,4900 RASPBERRY ROAD,ANCHORAGE,AK,99502,20230301,20250228,5Y - 12 Y
10013458,YMCA - LAKE HOOD SAC DEV SITE,LC,12098,BI,Yes,(907) 563-3211,60 Children,DAVID,KOCH,3601 W 40TH AVE,ANCHORAGE,AK,99517,20240901,20260831,5Y - 12 Y
10003609,YMCA - LAKE OTIS SAC DEV SITE,LC,12020,PR,Yes,(907) 563-3211,73 Children,DAVID,KOCH,5353 LAKE OTIS PKWY,ANCHORAGE,AK,99507,20240201,20250131,5Y - 12 Y
10003760,YMCA - NORTHERN LIGHTS ABC SAC DEV SITE,LC,11721,BI,Yes,(907) 563-3211,200 Children,DAVID,KOCH,2424 EAST DOWLING ROAD,ANCHORAGE,AK,99507,20230201,20250131,5Y - 12 Y
10013549,YMCA - TUDOR SAC DEV SITE,LC,12198,BI,Yes,(907) 563-3211,200 Children,DAVID,KOCH,1666 CACHE DRIVE,ANCHORAGE,AK,99507,20241001,20260930,5Y - 12 Y
10016887,YMCA - WILLOW CREST SACD SITE,LC,12136,BI,Yes,(907) 563-3211,60 Children,DAVID,KOCH,1004 WEST TUDOR ROAD,ANCHORAGE,AK,99503,20240901,20260831,5Y - 12 Y
10000140,ZARA  KIDS,GL,11883,BI,Yes,(907) 479-4112,12 Children,ZARA,EDMOND,130 BARANOF AVE,FAIRBANKS,AK,99701,20230801,20250731,0W - 12 Y

